brand,agency,recall_external_id,recall_date,title,severity,remedy,units_affected,model_numbers,matched_via,source_url
Bosch,CPSC,09100,2009-01-15,Bosch and Siemens Model Dishwashers Recalled by BSH Home Appliances Corporation Due to Fire Hazard,,Consumers should immediately stop using the listed model dishwashers and contact the repair hotline at (800) 856-9226 for a free repair.,476500,,title_mention,https://www.cpsc.gov/Recalls/2009/Bosch-and-Siemens-Model-Dishwashers-Recalled-by-BSH-Home-Appliances-Corporation-Due-to-Fire-Hazard
Frigidaire,CPSC,08573,2008-05-20,Frigidaire Canada Recalls Kenmore Wall Ovens Due to Fire and Burn Hazards,,"Consumers should immediately stop using the ""broil"" feature on recalled ovens and contact Transform for Kenmore branded products to schedule a free repair. Consumers may continue to use the ""bake"" feature.",7500,,title_mention,https://www.cpsc.gov/Recalls/2008/Frigidaire-Canada-Recalls-Kenmore-Wall-Ovens-Due-to-Fire-and-Burn-Hazards
Frigidaire,CPSC,09292,2009-07-30,Frigidaire Recalls Clothes Washers Due to Fire Hazard,,Consumers should immediately unplug and stop using the machine. Consumers should contact Frigidaire or Sears (if unit was purchased there) to schedule a free repair.,35000,,title_mention,https://www.cpsc.gov/Recalls/2009/Frigidaire-Recalls-Clothes-Washers-Due-to-Fire-Hazard
Frigidaire,CPSC,09333,2009-08-27,Frigidaire and Kenmore Smoothtop Electric Ranges Recalled Due to Fire Hazard,,Consumers should stop using the recalled ranges immediately and discard them. The remedy is no longer available.,200000,,title_mention,https://www.cpsc.gov/Recalls/2009/Frigidaire-and-Kenmore-Smoothtop-Electric-Ranges-Recalled-Due-to-Fire-Hazard
Frigidaire,CPSC,11016,2010-10-21,Frigidaire and Electrolux ICON Electric Smoothtop Cooktops and Slide-In Ranges Recalled Due to Fire Hazard,,Consumers should immediately stop using and unplug the recalled ranges or power off cooktops at the circuit breaker. Contact Electrolux for information on how to obtain a free repair kit.; Repair,122000,,title_mention,https://www.cpsc.gov/Recalls/2010/Frigidaire-and-Electrolux-ICON-Electric-Smoothtop-Cooktops-and-Slide-In-Ranges-Recalled
Frigidaire,CPSC,12737,2012-06-20,"Frigidaire Gas Range Recalled Due to Fire Hazard, Sold Exclusively at Lowe's Stores",,Consumers with the recalled model and serial numbers should stop using the bake and broil functions immediately and contact Frigidaire. Frigidaire will provide information about an inspection and arrange for a free in-home service and repair if necessary.; Repair,185,,title_mention,https://www.cpsc.gov/Recalls/2012/Frigidaire-Gas-Range-Recalled-Due-to-Fire-Hazard-Sold-Exclusively-at-Lowes-Stores
Frigidaire,CPSC,16759,2016-07-26,Frigidaire and Kenmore Wall Ovens Recalled by Electrolux Due to Fire Hazard (Recall Alert),,Consumers should immediately stop using the recalled ovens and contact Electrolux or Transform for Kenmore brand products to schedule a free inspection and free repair. The firm is contacting all known purchasers directly.; Repair,1000,,title_mention,https://www.cpsc.gov/Recalls/2016/Frigidaire-and-Kenmore-Wall-Ovens-Recalled-by-Electrolux
Frigidaire,CPSC,22143,2022-06-02,Electrolux Recalls Frigidaire and Electrolux Refrigerators Due to Choking Hazard from Ice Maker,,"Consumers should immediately stop using the recalled Frigidaire and Electrolux refrigerator ice makers, empty the ice bucket and contact Electrolux to schedule a technician to replace the ice maker with one that has a polypropylene ice level detector, free of charge.; Replace",367500,,title_mention,https://www.cpsc.gov/Recalls/2022/Electrolux-Recalls-Frigidaire-and-Electrolux-Refrigerators-Due-to-Choking-Hazard-from-Ice-Maker
Frigidaire,CPSC,23269,2023-08-31,"Electrolux Group Recalls Frigidaire Gas Cooktops Due to Risk of Gas Leak, Fire Hazard",,"Consumers should immediately stop using the recalled cooktops, check for plastic control knobs with a black shaft and contact Electrolux Group for a free set of replacement knobs. Consumers can continue to use knobs with a chrome-colored shaft. The firm is contacting known purchasers directly.; Replace",215,,title_mention,https://www.cpsc.gov/Recalls/2023/Electrolux-Group-Recalls-Frigidaire-Gas-Cooktops-Due-to-Risk-of-Gas-Leak-Fire-Hazard
Frigidaire,CPSC,24110,2024-02-08,Electrolux Group Recalls Frigidaire Side by Side Refrigerators with Slim Ice Buckets Due to Choking and Laceration Hazards,,"Consumers should immediately stop using the ice makers and contact Electrolux Group to request a replacement ice bucket assembly component, free of charge.; Repair",383240,,title_mention,https://www.cpsc.gov/Recalls/2024/Electrolux-Group-Recalls-Frigidaire-Side-by-Side-Refrigerators-with-Slim-Ice-Buckets-Due-to-Choking-and-Laceration-Hazards
Frigidaire,CPSC,24117,2024-02-15,Electrolux Group Recalls Frigidaire Rear-Controlled Ranges Due to Electric Shock and Electrocution Hazards,,Consumers should immediately stop using the recalled Frigidaire rear-controlled ranges and contact Electrolux Group for a free repair/professional installation of a new control panel. Consumers should not use the range while awaiting the service call. Consumers should unplug the unit until repaired by an authorized servicer.; Repair,1800,,title_mention,https://www.cpsc.gov/Recalls/2024/Electrolux-Group-Recalls-Frigidaire Rear-Controlled-Ranges-Due-to-Electrical-Shock-and-Electrocution-Hazards
Frigidaire,CPSC,24235,2024-05-16,Electrolux Group Reannounces Recall of Frigidaire and Kenmore Electric Ranges Due to Fire and Burn Hazards; Multiple Fires and Injuries Reported,,"Contact Electrolux or register online to participate in the recall. Based on the serial number, it will be determined if consumers have a range that can be repaired or not. Consumers with impacted ranges should contact Electrolux for steps to avoid a burn injury, including not leaving anything on the range when it is not in use. If the range is repairable, a free inspection and repair will be scheduled. If the range is not repairable, consumers will receive a refund in the form of a $50 electron",203000,,title_mention,https://www.cpsc.gov/Recalls/2024/Electrolux-Group-Reannounces-Recall-of-Frigidaire-and-Kenmore-Electric-Ranges-Due-to-Fire-and-Burn-Hazards-Multiple-Fires-and-Injuries-Reported
Frigidaire,CPSC,26333,2026-03-19,Electrolux Group Recalls Frigidaire Gas Ranges Due to Burn Hazard,,Consumers should stop using ovens in the recalled ranges immediately and contact Electrolux Group for a free repair. Electrolux Group will provide professional in-home installation of a new bake burner at no cost to consumers. Consumers can continue to use the cooktop burners on the range.; Repair,174800,,title_mention,https://www.cpsc.gov/Recalls/2026/Electrolux-Group-Recalls-Frigidaire-Gas-Ranges-Due-to-Burn-Hazard
GE,CPSC,01054,2000-12-14,"CPSC and GE Announce Free Repair Supplement of Rebate Program for Recalled Dishwashers: Recalled Units Still Being Used, Creating Risk of Fire",,"Both the CPSC and GE strongly urge consumers who have not replaced their recalled units under the original rebate program to contact GE right away to schedule a free rewiring or participate in the original rebate program. Until the dishwasher has been rewired, consumers should keep the dishwasher door unlatched at all times to prevent the flow of electrical current that creates a risk of fire. With the free rewire option, a GE-authorized technician will rewire the slide switch at no cost to cons",3,,title_mention,https://www.cpsc.gov/Recalls/2001/CPSC-and-GE-Announce-Free-Repair-Supplement-of-Rebate-Program-for-Recalled-Dishwashers-Recalled-Units-Still-Being-Used-Creating-Risk-of-Fire
GE,CPSC,04576,2004-08-26,"CPSC, GE Announce Recall of Ranges and Wall Ovens",,Consumers should stop using the appliances immediately and contact GE to schedule a repair at no charge.,28300,,title_mention,https://www.cpsc.gov/Recalls/2004/CPSC-GE-Announce-Recall-of-Ranges-and-Wall-Ovens
GE,CPSC,05116,2005-02-18,"CPSC, GE Announce Recall of Built-In Dishwashers",,Consumers should immediately stop using the dishwasher and contact GE to arrange for their dishwashers to be repaired free of charge.,74300,,title_mention,https://www.cpsc.gov/Recalls/2005/CPSC-GE-Announce-Recall-of-Built-In-Dishwashers-
GE,CPSC,06055,2005-12-15,"CPSC, General Electric Announce Recall of Gas Ranges Posing Fire Hazard",,"Customers who have purchased one of these recalled ranges should contact GE to schedule a free, in-home repair. Until the repair is completed, consumers should stop using the griddle on the 36-inch and 48-inch models, and the left front burner on the 48-inch models. The large oven and all other burners can be used.",6600,,title_mention,https://www.cpsc.gov/Recalls/2006/CPSC-General-Electric-Announce-Recall-of-Gas-Ranges-Posing-Fire-Hazard-
GE,CPSC,07190,2007-05-16,General Electric Recalls Dishwashers Due to Fire Hazard,,"Consumers should immediately stop using the recalled dishwashers and contact General Electric for a free repair, a $150 rebate towards the purchase of a new GE dishwasher, or a $300 rebate towards the purchase of a new GE Profile or GE Monogram dishwasher.",2,,title_mention,https://www.cpsc.gov/Recalls/2007/General-Electric-Recalls-Dishwashers-Due-to-Fire-Hazard
GE,CPSC,07555,2007-06-06,General Electric Recalls Gas Ranges Due to Fire Hazard,,"Customers with a recalled range should stop using it immediately and contact GE for further instructions and to schedule a free, in-home repair.",2600,,title_mention,https://www.cpsc.gov/Recalls/2007/General-Electric-Recalls-Gas-Ranges-Due-to-Fire-Hazard
GE,CPSC,08110,2007-12-05,General Electric Recalls Microwave Combo Wall Ovens Due to Fire Hazard,,"Consumers should stop using the microwave oven immediately. Consumers should contact GE regarding their GE/GE Profile micro-oven combo or Transform for Kenmore branded products for their Kenmore unit. GE is offering a free repair or rebate on a new product, a $300 rebate toward the purchase of a new GE brand unit, or a $600 rebate toward the purchase of a new GE Profile brand unit. Transform for Kenmore branded products is offering a free repair or $300 rebate toward the purchase of a new Kenmor",92000,,title_mention,https://www.cpsc.gov/Recalls/2008/General-Electric-Recalls-Microwave-Combo-Wall-Ovens-Due-to-Fire-Hazard
GE,CPSC,08542,2008-02-11,General Electric Recalls Gas Dryers Due to Shock Hazard,,"Consumers should stop using the recalled dryers immediately, unplug the dryer, and contact GE for further instructions and to schedule a free, in-home inspection and repair. GE is directly contacting consumers who purchased the recalled dryers.",2100,,title_mention,https://www.cpsc.gov/Recalls/2008/General-Electric-Recalls-Gas-Dryers-Due-to-Shock-Hazard
GE,CPSC,09046,2008-11-18,GE Recalls to Inspect and Repair Wall Ovens Due to Fire and Burn Hazards ,,"Consumers should immediately inspect the oven to make sure they do not have an incorrectly re-attached wall oven door, which will not open into the flat position. If the wall oven door is incorrectly re-attached, consumers should not use the self-clean cycle and call GE for a free repair. Consumers can continue to use normal baking or broiling function in the oven until the oven is repaired.",244000,,title_mention,https://www.cpsc.gov/Recalls/2009/GE-Recalls-to-Inspect-and-Repair-Wall-Ovens-Due-to-Fire-and-Burn-Hazards-
GE,CPSC,09189,2009-04-08,GE Recalls Ranges Due to Fire and Burn Hazards,,Consumers should immediately stop using the oven and contact GE for a free repair. Consumers can continue to use the cooktop burners.,28000,,title_mention,https://www.cpsc.gov/Recalls/2009/GE-Recalls-Ranges-Due-to-Fire-and-Burn-Hazards
GE,CPSC,10259,2010-06-10,GE Recalls Front Load Washers Due to Fire and Shock Hazards,,"Consumers should immediately stop using the recalled washer, unplug it from the electrical outlet and contact GE for a free repair. Consumers should not operate the washer until it has been repaired.",181000,,title_mention,https://www.cpsc.gov/Recalls/2010/GE-Recalls-Front-Load-Washers-Due-to-Fire-and-Shock-Hazards
GE,CPSC,11022,2010-10-26,GE Recalls Dishwashers Due to Fire Hazard,,"Consumers should immediately stop using the recalled dishwashers, disconnect the electric supply by shutting off the fuse or circuit breaker controlling it and inform all users of the dishwasher about the risk of fire. Contact GE for a free in-home repair or to receive a GE rebate of $200 for the purchase of a new GE Profile dishwasher and a GE rebate of $400 for purchase of a new GE Monogram dishwasher.; Repair",174000,,title_mention,https://www.cpsc.gov/Recalls/2010/GE-Recalls-Dishwashers-Due-to-Fire-Hazard
GE,CPSC,12021,2011-10-25,General Electric Recalls Gas Rangetop with Grill Due to an Explosion Hazard,,"Consumers who are operating the product on LP (propane) gas should stop using the product immediately, turn off the gas supply to the product, and contact GE to schedule a free repair.; Repair",470,,title_mention,https://www.cpsc.gov/Recalls/2012/General-Electric-Recalls-Gas-Rangetop-with-Grill-Due-to-an-Explosion-Hazard
GE,CPSC,12244,2012-08-09,GE Recalls Dishwashers Due to Fire Hazard,,"Consumers should immediately stop using the recalled dishwashers, disconnect the electric supply by shutting off the fuse or circuit breaker controlling it and inform all users of the dishwasher about the risk of fire. For all dishwashers, contact GE for a free in-home repair or to receive a GE rebate of $75 towards the purchase of a new GE front-control plastic tub dishwasher, or a rebate of $100 towards the purchase of a new GE front-control stainless tub dishwasher or GE Profile top control d",1,,title_mention,https://www.cpsc.gov/Recalls/2012/GE-Recalls-Dishwashers-Due-to-Fire-Hazard
GE,CPSC,13003,2012-10-03,GE Recalls Front Load Washers Due to Injury Hazard,,Consumers should immediately stop using the recalled washers and contact GE for a free repair.; Repair,62000,,title_mention,https://www.cpsc.gov/Recalls/2013/GE-Recalls-Front-Load-Washers-Due-to-Injury-Hazard
GE,FDA,Z-1285-2015,2015-02-16,"GE Healthcare, Treadmill T2100 and Treadmill T2000 with power cord part numbers 408930-001 Rev E, 408930-002 Rev C, or 2028038-008 Rev B. Also Field Replaceable Unit P/Ns 408930-001 Rev E, 408930-002 Rev C.      UPDATE: 3-30-2015:    T2100 & T2000 Treadmills with power cord part numbers 408930-001, 408930-002, or 2028038-008 Also Field Replaceable Unit P/Ns 408930-001, 408930-002    Product Usage:  Used for Exercise Testing, facilitating accurate blood pressure measurements and exercise testing within speed range of 0-13.5 miles per hour.",Class II,,,,title_mention,"https://api.fda.gov/device/enforcement.json?search=recall_number:""Z-1285-2015"""
GE,FDA,Z-1376-2015,2015-02-27,"GE Healthcare, Aespire 7900, Aespire View Anesthesia Machines.  Model numbers 1009-9012-000.    Intended to provide general inhalation anesthesia and ventilatory support to a wide range of patients",Class II,,,,title_mention,"https://api.fda.gov/device/enforcement.json?search=recall_number:""Z-1376-2015"""
GE,FDA,Z-1825-2015,2015-03-12,"GE Healthcare, Treadmill T2100.  For Exercise Testing, facilitating accurate blood pressure measurements and exercise testing within speed range of 0-13.5 miles per hour.",Class II,,,,title_mention,"https://api.fda.gov/device/enforcement.json?search=recall_number:""Z-1825-2015"""
GE,FDA,Z-0677-2016,2015-12-15,"GE Healthcare, Aespire 7900, 1009-9012-000 &   Aespire View, 1009-9212-000.  The family of GE Datex-Ohmeda Aespire anesthesia systems with 7900 ventilator (Aespire 7900 and Aespire View) is intended to provide general inhalation anesthesia and ventilatory support to a wide range of patients. The devices are intended for volume or pressure control ventilation.",Class II,,,,title_mention,"https://api.fda.gov/device/enforcement.json?search=recall_number:""Z-0677-2016"""
GE,FDA,Z-0680-2016,2015-12-15,"GE Healthcare, Aisys, 1011-9000-000.    The GE Datex-Ohmeda Aisys Anesthesia System is intended to provide general inhalation anesthesia and ventilatory support to a wide range of patients (neonatal, pediatric, adult). The device is intended for volume or pressure control ventilation. The Aisys is not suitable for use in a MRI environment.",Class II,,,,title_mention,"https://api.fda.gov/device/enforcement.json?search=recall_number:""Z-0680-2016"""
GE,FDA,Z-0681-2016,2015-12-15,"GE Healthcare, Aisys CS2,1011-9050-000;  Avance Amingo,1009-9002-000, & Avance CS2, 1009-9050-000.  The GE Datex-Ohmeda Aisys Anesthesia System is intended to provide general inhalation anesthesia and ventilatory support to a wide range of patients (neonatal, pediatric, adult). The device is intended for volume or pressure control ventilation. The Aisys is not suitable for use in a MRI environment.",Class II,,,,title_mention,"https://api.fda.gov/device/enforcement.json?search=recall_number:""Z-0681-2016"""
GE,FDA,Z-1562-2016,2016-03-15,"GE Healthcare, Aisys and Aisys CS2.    Intended to provide general inhalation anesthesia and ventilator support to a wide range of patients (neonatal, pediatric, and adult).",Class II,,,,title_mention,"https://api.fda.gov/device/enforcement.json?search=recall_number:""Z-1562-2016"""
GE,CPSC,16265,2016-09-15,GE Appliances Recalls Top-Loading Clothes Washers Due to Fire Hazard,,Consumers should immediately unplug and stop using the recalled washers and contact GE Appliances for a free repair.; Repair,222000,,title_mention,https://www.cpsc.gov/Recalls/2016/GE-Appliances-Recalls-Top-Loading-Clothes-Washers
GE,FDA,Z-0412-2019,2018-09-27,"Aisys CS2 Anesthesia System.  Sold under the following product names:  AISYS, AISYS 10.X TO 11.X UPGRADE KIT DUTCH, AISYS 10.X TO 11.X UPGRADE KIT ENGLISH, AISYS 10.X TO 11.X UPGRADE KIT ENGLISH FOR USA, AISYS 10.X TO 11.X UPGRADE KIT FRENCH, AISYS 10.X TO 11.X UPGRADE KIT GERMAN, AISYS 10.X TO 11.X UPGRADE KIT JAPANESE. Product Usage:   The GE Datex-Ohmeda Aisys Anesthesia System is intended to provide general inhalation anesthesia and ventilatory support to a wide range of patients (neonatal, pediatric, adult). The device is intended for volume or pressure control ventilation. The Aisys is not suitable for use in a MRI environment.",Class II,,,,title_mention,"https://api.fda.gov/device/enforcement.json?search=recall_number:""Z-0412-2019"""
GE,FDA,Z-0413-2019,2018-09-27,"Touchscreen display kit.  Sold under the following product names:  TOUCHSCREEN DISPLAY KIT 11.X ENGLISH FOR USA, TOUCHSCREEN DISPLAY KIT 11.X ENGLISH, TOUCHSCREEN DISPLAY KIT 11.X GERMAN,   TOUCHSCREEN DISPLAY KIT 11.X DUTCH, TOUCHSCREEN DISPLAY KIT 11.X FRENCH, TOUCHSCREEN DISPLAY KIT 11.X DANISH, TOUCHSCREEN DISPLAY KIT 11.X ESTONIAN, TOUCHSCREEN DISPLAY KIT 11.X ITALIAN, TOUCHSCREEN DISPLAY KIT 11.X NORWEGIAN.  Product Usage: The GE Datex-Ohmeda Aisys Anesthesia System is intended to provide general inhalation anesthesia and ventilatory support to a wide range of patients (neonatal, pediatric, adult). The device is intended for volume or pressure control ventilation. The Aisys is not suitable for use in a MRI environment.",Class II,,,,title_mention,"https://api.fda.gov/device/enforcement.json?search=recall_number:""Z-0413-2019"""
GE,FDA,Z-0312-2021,2020-09-17,"GE Datex-Ohmeda Avance CS2 Anesthesia System - Product Usage: intended to provide general inhalation anesthesia and ventilatory support to a wide range of patients (neonatal, pediatric, adult). The device is intended for volume or pressure control ventilation.",Class II,,,,title_mention,"https://api.fda.gov/device/enforcement.json?search=recall_number:""Z-0312-2021"""
GE,FDA,Z-0313-2021,2020-09-17,"GE Datex-Ohmeda Aisys CS2 Anesthesia System - Product Usage: is intended to provide general inhalation anesthesia and ventilatory support to a wide range of patients (neonatal, pediatric adult). The device is intended for volume or pressure control ventilation.",Class II,,,,title_mention,"https://api.fda.gov/device/enforcement.json?search=recall_number:""Z-0313-2021"""
GE,CPSC,22028,2021-12-08,"GE Appliances, a Haier Company, Recalls to Repair Free-Standing and Slide-In Ranges Due to Tip-Over Hazard",,"Consumers should contact GE Appliances to determine if their unit is part of the recall and to schedule a free in-home service call to inspect the recalled range's anti-tip bracket and ensure it is securely installed in the floor or wall. Consumers can continue to use the recalled ranges but are cautioned not to place any objects on the open oven door until the range's anti-tip bracket has been inspected and repaired, if necessary. Consumers should not return the recalled ranges to the place of ",132000,,title_mention,https://www.cpsc.gov/Recalls/2022/GE-Appliances-a-Haier-Company-Recalls-to-Repair-Free-Standing-and-Slide-In-Ranges-Due-to-Tip-Over-Hazard
GE,CPSC,22117,2022-04-14,"GE Appliances, a Haier Company, Recalls Bottom Freezer, French Door Refrigerators Due to Fall Hazard",,Consumers should contact GE Appliances to determine if their unit is part of the recall and to schedule a free in-home service call to have the freezer's handle mounting fasteners replaced and the handle re-installed and for instructions for safe use pending a repair. The firm is contacting all known purchasers directly.; Repair,155000,,title_mention,https://www.cpsc.gov/Recalls/2022/GE-Appliances-a-Haier-Company-Recalls-Bottom-Freezer-French-Door-Refrigerators-Due-to-Fall-Hazard
GE,CPSC,24033,2023-11-30,"GE Appliances, a Haier Company, Recalls Electric Cooktops Due to Burn Hazard",,"Consumers should immediately contact GE Appliances to arrange for free installation of a replacement burner knob assembly. When not in use, turn the unit off at the circuit breaker. Do not leave flammable materials or empty cookware on or near the cooktop. In the affected units, the burner can remain on following use even after being turned to the ""off"" position. In this case, the ""On"" indicator light will not be illuminated, but the ""Hot Cooktop"" light corresponding to the burner will remain il",11000,,title_mention,https://www.cpsc.gov/Recalls/2024/GE-Appliances-a-Haier-Company-Recalls-Electric-Cooktops-Due-to-Burn-Hazard
LG,CPSC,05213,2005-06-29,"CPSC, LG Electronics and Sears, Roebuck and Co. Announce Recall to Repair Refrigerators",,"Consumers should contact Transform for Kenmore brand products or LG, to arrange for a free-home repair.",20800,,title_mention,https://www.cpsc.gov/Recalls/2005/CPSC-LG-Electronics-and-Sears-Roebuck-and-Co-Announce-Recall-to-Repair-Refrigerators
LG,CPSC,12251,2012-08-21,LG Electronics and Sears Recall Gas Dryers For Repair Due to Fire Hazard,,Consumers should turn off the gas supply and stop using the dryers until repaired. LG brand owners who purchased their dryer at retailers other than Sears should contact LG customer service to arrange for a free gas valve replacement. Customers who purchased Kenmore or LG brand dryers from Sears should contact Transform for Kenmore branded products to schedule a free repair to replace the gas valve. Some consumers have already been notified and have received the repair service.; Repair,21000,,title_mention,https://www.cpsc.gov/Recalls/2012/LG-Electronics-and-Sears-Recall-Gas-Dryers-For-Repair-Due-to-Fire-Hazard
LG,CPSC,13031,2012-11-08,LG Electronics Recalls Electric Ranges Due to Burn and Fire Hazards,,"Consumers should immediately contact LG to schedule a free in-home repair. Consumers whose burner heat setting cannot be regulated by using the controls or who experience problems with a cooktop burner remaining on, should immediately stop using the recalled electric range until it is repaired.; Repair",161000,,title_mention,https://www.cpsc.gov/Recalls/2013/LG-Electronics-Recalls-Electric-Ranges-Due-to-Burn-and-Fire-Hazards
LG,CPSC,13073,2012-12-18,LG Recalls Top-Loading Washing Machines Due to Risk of Injury,,"Consumers should immediately contact LG or Sears for a free in-home repair of the machine. Consumers will also receive supplemental information to be inserted into their owner's manual and a new caution label to be placed on the washing machine. Consumers who have observed their recalled washing machine shaking excessively should immediately stop using it. Consumers should be aware that loading their machines with water-proof or water-resistant items, such as mattress pads, mattress covers and s",457000,,title_mention,https://www.cpsc.gov/Recalls/2013/LG-Recalls-Top-Loading-Washing-Machines-Due-to-Risk-of-Injury
LG,CPSC,25126,2025-02-06,LG Recalls Electric Ranges Due to Fire Hazard,,"Consumers should contact LG for a free warning label and placement instructions. The label reminds consumers to use the Lock Out/Control Lock function on the range control panel to disable activation of the heating elements when the range is not in use. View the LG instructional video regarding Control Lock/Lock Out feature at https://vimeo.com/1037322282. Consumers are cautioned to keep children and pets away from the knobs, to check the range knobs to ensure they are off before leaving home or",500000,,title_mention,https://www.cpsc.gov/Recalls/2025/LG-Recalls-Electric-Ranges-Due-to-Fire-Hazard
Maytag,CPSC,01107,2001-03-20,"CPSC, Maytag Corp. Announce Recall of Maytag, Magic Chef Gas Ranges",,"Consumers should stop using the broil and self-clean functions of these ranges immediately. Notices will be mailed to consumers whose ranges need to be inspected, and they will be repaired free of charge, if needed.",14800,,title_mention,https://www.cpsc.gov/Recalls/2001/CPSC-Maytag-Corp-Announce-Recall-of-Maytag-Magic-Chef-Gas-Ranges
Maytag,CPSC,01145,2001-05-09,"CPSC, Maytag Announce Recall of Electric Ranges",,Consumers should stop using their electric ranges immediately and disconnect power to them. Consumers should contact Maytag to schedule a free in-home repair.,13000,,title_mention,https://www.cpsc.gov/Recalls/2001/CPSC-Maytag-Announce-Recall-of-Electric-Ranges
Maytag,CPSC,01236,2001-09-26,"CPSC, Maytag Corp. Announce Recall to Repair of Amana Gas Ranges",,Consumers should stop using the self-clean or broil functions of the ranges immediately. Consumers should call Amana for an in-home inspection and free repair.,50000,,title_mention,https://www.cpsc.gov/Recalls/2001/CPSC-Maytag-Corp-Announce-Recall-to-Repair-of-Amana-Gas-Ranges
Maytag,CPSC,03099,2003-03-27,"CPSC, Maytag Corp. Announce Recall to Repair Gas Ranges",,Consumers should immediately stop using the upper oven self-clean and broil features and consumers should not use the upper oven simultaneously with the lower oven. Consumers should contact Maytag to arrange for a free in-home repair by an authorized Maytag Customer Service contractor.,23000,,title_mention,https://www.cpsc.gov/Recalls/2003/CPSC-Maytag-Corp-Announce-Recall-to-Repair-Gas-Ranges-
Maytag,CPSC,03533,2003-04-07,"CPSC, Maytag Corporation Announce Recall of Kenmore Elite-Brand TRIO Model Refrigerators",,"Sears already has contacted, by telephone or mail, the consumers who may have received an affected model, to set up a free in-home inspection. Defective refrigerators will be replaced at no cost to consumers. Sears is offering a $100 gift card as an incentive to all customers who own one of the Kenmore Trio recalled refrigerators.",6800,,title_mention,https://www.cpsc.gov/Recalls/2003/CPSC-Maytag-Corporation-Announce-Recall-of-Kenmore-Elite-Brand-TRIO-Model-Refrigerators-
Maytag,CPSC,05050,2004-11-17,"CPSC, Maytag Corp. Announce Recall of Jenn-Air Gas Cooktops",,"Customers who have purchased one of these recalled cooktops should contact Maytag to schedule a free, in-home repair. Consumers should stop using the grill or burners activated by the two left hand controls until the repair is completed. The center and right hand burners can be used.",1170,,title_mention,https://www.cpsc.gov/Recalls/2005/CPSC-Maytag-Corp-Announce-Recall-of-Jenn-Air-Gas-Cooktops-
Maytag,CPSC,05280,2005-09-27,"CPSC, Maytag Corp. Announce Recall of Washing Machines",,"Consumers should use care not to exceed the listed capacity of their machines, and should contact Maytag for a free in-home service call, to replace the washer's control board.",5000,,title_mention,https://www.cpsc.gov/Recalls/2005/CPSC-Maytag-Corp-Announce-Recall-of-Washing-Machines
Maytag,CPSC,07094,2007-02-01,Maytag Recalls Dishwashers Due to Fire Hazard,,"Consumers should immediately stop using these dishwashers, disconnect the electric supply by shutting off the fuse or circuit breaker controlling it and inform all users of the dishwasher about the risk of fire. Contact Maytag for either a free in-home repair, or a $75 cash back reimbursement following the purchase of a new Maytag®, Jenn-Air®, Whirlpool® or KitchenAid® dishwasher. Consumers should not return the dishwasher to the retailer where it was purchased, as retailers are not prepared to ",2,,title_mention,https://www.cpsc.gov/Recalls/2007/Maytag-Recalls-Dishwashers-Due-to-Fire-Hazard
Maytag,CPSC,09145,2009-03-10,Maytag Recalls Refrigerators Due to Fire Hazard,,Consumers should immediately contact Maytag to determine if their refrigerator is included in the recall and to schedule a free in-home repair. Consumers should not return the refrigerator to the retailer where it was purchased.,1,,title_mention,https://www.cpsc.gov/Recalls/2009/Maytag-Recalls-Refrigerators-Due-to-Fire-Hazard
Maytag,CPSC,09322,2009-08-25,Maytag Expands Recall of Refrigerators Due to Fire Hazard,,"Consumers should immediately contact Maytag to determine if their refrigerator is included in the recall and if so, to schedule a free in-home repair. Consumers should not return the refrigerator to the retailer where it was purchased.",46000,,title_mention,https://www.cpsc.gov/Recalls/2009/Maytag-Expands-Recall-of-Refrigerators-Due-to-Fire-Hazard
Maytag,CPSC,10255,2010-06-03,Maytag Recalls Dishwashers Due to Fire Hazard,,"Consumers should immediately stop using the recalled dishwashers, disconnect the electric supply by shutting off the fuse or circuit breaker controlling it, inform all users of the dishwasher about the risk of fire and contact Maytag to verify if their dishwasher is included in the recall. If the dishwasher is included in the recall, consumers can either schedule a free in-home repair or receive a rebate following the purchase of certain new Maytag brand stainless-steel tub dishwashers. The reba",1,,title_mention,https://www.cpsc.gov/Recalls/2010/Maytag-Recalls-Dishwashers-Due-to-Fire-Hazard
Miele,CPSC,08577,2008-05-29,Miele Recalls Gas Dryers Due to Risk of Gas Leak or Fire,,"Consumers should stop using the recalled dryer immediately and turn off the gas supply to the unit. The firm has sent direct notices to consumers. Consumers who have not had their dryer inspected should contact a Miele authorized service provider for a free inspection and repair, if necessary. Dryers serviced since January 23, 2008 have been inspected/repaired.",22000,,title_mention,https://www.cpsc.gov/Recalls/2008/Miele-Recalls-Gas-Dryers-Due-to-Risk-of-Gas-Leak-or-Fire
Samsung,CPSC,10031,2009-11-05,Samsung Over-the-Range Microwaves Recalled Due to Shock Hazard,,"Consumers should immediately unplug and stop using the recalled product, and contact Samsung to schedule a free repair.",43000,,title_mention,https://www.cpsc.gov/Recalls/2010/Samsung-Over-the-Range-Microwaves-Recalled-Due-to-Shock-Hazard-
Samsung,CPSC,17028,2016-11-04,Samsung Recalls Top-Load Washing Machines Due to Risk of Impact Injuries,,"Consumers should contact Samsung immediately to receive one of the following remedy options. Consumers can choose (1) a free in-home repair that includes reinforcement of the washer's top and a free one-year extension of the manufacturer's warranty; (2) a rebate to be applied towards the purchase of a new Samsung or other brand washing machine, along with free installation of the new unit and removal of old unit; or (3) a full refund for consumers who purchased their washing machine within the p",2,,title_mention,https://www.cpsc.gov/Recalls/2017/Samsung-Recalls-Top-Load-Washing-Machines
Samsung,CPSC,23080,2022-12-22,Samsung Recalls Top-Load Washing Machines Due to Fire Hazard; Software Repair Available,,"Consumers should immediately check whether their washer's software has been updated to prevent the hazard; and, if not, consumers should immediately stop using the washer until the software is updated. Instructions on how to check whether a washer's software has been updated can be found here https://www.samsung.com/us/support/tlw-sw-update. All Wi-Fi equipped washers that are plugged into a power source and actively connected to the internet will automatically download the free software repair ",663500,,title_mention,https://www.cpsc.gov/Recalls/2023/Samsung-Recalls-Top-Load-Washing-Machines-Due-to-Fire-Hazard-Software-Repair-Available
Samsung,CPSC,24335,2024-08-08,Samsung Recalls Slide-In Electric Ranges Due to Fire Hazard,,"Consumers should contact Samsung to receive a free set of knob locks or covers compatible with their model of electric slide-in range to install. Consumers using the recalled ranges without knob locks or covers are cautioned to keep children and pets away from the knobs, to check the range knobs to ensure they are off before leaving the home or going to bed, and to not leave objects on the range when the range is not in use. Consumers with Wi-Fi enabled ranges can enable the ""Cooktop On"" notific",1120905,,title_mention,https://www.cpsc.gov/Recalls/2024/Samsung-Recalls-Slide-In-Electric-Ranges-Due-to-Fire-Hazard
Whirlpool,CPSC,02192,2002-07-02,"CPSC, Whirlpool Announce Recall of Washer and Gas Dryer Units",,Consumers should stop using these washer and gas dryer units and unplug them immediately. Do not attempt to shut off the gas supply.,17000,,title_mention,https://www.cpsc.gov/Recalls/2002/CPSC-Whirlpool-Announce-Recall-of-Washer-and-Gas-Dryer-Units-
Whirlpool,CPSC,05123,2005-02-25,"CPSC, Whirlpool Corporation Announce Recall of Dishwashers",,"Consumers with one of these dishwashers should immediately stop using it, disconnect the electric supply by shutting off the fuse or circuit breaker controlling it, and inform all users of the dishwasher not to use it due to the risk of fire. Consumers should call Whirlpool to determine if their dishwasher is included in this recall. If it is included, Whirlpool Corporation will schedule a free in-home repair. Please do not return the dishwasher to the retailer where it was purchased, as retaile",162000,,title_mention,https://www.cpsc.gov/Recalls/2005/CPSC-Whirlpool-Corporation-Announce-Recall-of-Dishwashers
Whirlpool,CPSC,15200,2015-07-29,Whirlpool Recalls Jenn-Air Wall Ovens Due to Risk of Burns,,Consumers should immediately stop using the extendable roller rack and contact Whirlpool Corporation for a free in-home inspection and repair.; Repair,33000,,title_mention,https://www.cpsc.gov/Recalls/2015/Whirlpool-Recalls-Jenn-Air-Wall-Ovens
Whirlpool,CPSC,19189,2019-08-28,Whirlpool Recalls Glass Cooktops with Touch Controls Due to Burn and Fire Hazards,,"Consumers should immediately contact Whirlpool to arrange for a free installation of a replacement cooktop. When not in use, turn the unit off at the circuit breaker. Do not leave flammable materials or empty cookware on or near the cooktop.; Replace",26300,,title_mention,https://www.cpsc.gov/Recalls/2019/Whirlpool-Recalls-Glass-Cooktops-with-Touch-Controls-Due-to-Burn-and-Fire-Hazards
Whirlpool,CPSC,23791,2023-09-07,Whirlpool Recalls Stacked Commercial Clothes Dryers Sold Under the ADC Brand Due to Fire Hazard (Recall Alert),,"Distributors, owners or laundry operators should immediately stop using the recalled models and contact Whirlpool for a free repair. Whirlpool is contacting known purchasers directly.; Repair",2500,,title_mention,https://www.cpsc.gov/Recalls/2023/Whirlpool-Recalls-Stacked-Commercial-Clothes-Dryers-Sold-Under-the-ADC-Brand-Due-to-Fire-Hazard-Recall-Alert
