procedure_id,code_id,brand,market,appliance_type,code,rank,rank_basis,title,steps,diy_difficulty,est_labor_minutes,parts_cost_min,parts_cost_max,cost_currency,cost_year,source_type,source_url
256,354,Beko,UK,washer,E01,1,cost_ascending,Check the door and reset,"Close the door until it latches fully, clear anything caught in it, and power off for about five minutes before retrying.",easy,,,,USD,,aggregator_listing,https://www.whitegoodshelp.co.uk/beko-washing-machine-error-codes/
257,354,Beko,UK,washer,E01,2,cost_ascending,Replace the door lock,"If the error persists, have the interlock switch tested for continuity and the door lock assembly replaced with the model-specific OEM part.",professional_only,,,,USD,,aggregator_listing,https://www.whitegoodshelp.co.uk/beko-washing-machine-error-codes/
258,356,Beko,UK,washer,E03,1,cost_ascending,Clear the pump filter and hose,"Unplug the machine, open the bottom access panel with a tray ready, unscrew the pump filter, remove coins and lint, and straighten the drain hose.",moderate,,,,USD,,aggregator_listing,https://www.whitegoodshelp.co.uk/beko-washing-machine-error-codes/
259,356,Beko,UK,washer,E03,2,cost_ascending,Service the drain pump,"If draining still fails, have the pump motor resistance measured and the pump replaced if the impeller is jammed or the circuit is open.",professional_only,,,,USD,,aggregator_listing,https://www.whitegoodshelp.co.uk/beko-washing-machine-error-codes/
152,171,Bosch,US,dishwasher,E15,1,cost_ascending,Drain the base pan and reset,"Cut power and water, tilt the unit back to empty the base tray, mop up remaining water, then restore power and run a short rinse to confirm the float switch reset. Also verify dishwasher-only detergent at the recommended dose.",moderate,,,,USD,,aggregator_listing,https://www.appliancecodehub.com/bosch/dishwasher/
153,171,Bosch,US,dishwasher,E15,2,cost_ascending,Have the leak traced professionally,"If the code returns after draining, have a technician inspect internal hoses, the door seal, and the sump for leaks and replace the failed component.",professional_only,,,,USD,,aggregator_listing,https://www.appliancecodehub.com/bosch/dishwasher/
154,176,Bosch,US,dishwasher,E24,1,cost_ascending,Clean the drain filter,"Open the door, remove the bottom rack, twist out the filter assembly, rinse away debris, reinstall, and run a test drain.",easy,,,,USD,,aggregator_listing,https://www.appliancecodehub.com/bosch/dishwasher/
155,176,Bosch,US,dishwasher,E24,2,cost_ascending,Clear the drain hose,"Cut power, pull the unit out, remove kinks and blockages from the drain hose (flushing it if needed), and reattach with a proper high loop.",moderate,,,,USD,,aggregator_listing,https://www.appliancecodehub.com/bosch/dishwasher/
156,176,Bosch,US,dishwasher,E24,3,cost_ascending,Service the drain pump,"Disconnect power and water, open the access panels, clear the pump impeller and housing, and replace the pump if it fails to run.",professional_only,,47.57,117.0,USD,2026.0,aggregator_listing,https://www.appliancecodehub.com/bosch/dishwasher/
271,394,Candy,UK,washer,E01,1,cost_ascending,Clear the door and reset,"Free any laundry caught in the gasket, close the door until the latch engages, then unplug for a few minutes and retry.",easy,,,,USD,,aggregator_listing,https://www.whitegoodshelp.co.uk/candy-washing-machine-error-codes/
272,394,Candy,UK,washer,E01,2,cost_ascending,Replace the door lock,"If the error persists with the door properly closed, have the lock mechanism and its wiring checked for damage and the assembly replaced.",professional_only,,,,USD,,aggregator_listing,https://www.whitegoodshelp.co.uk/candy-washing-machine-error-codes/
273,395,Candy,UK,washer,E02,1,cost_ascending,Restore the water supply,"Open the tap fully, straighten the inlet hose, and clean the inlet filters at the hose and valve.",easy,,,,USD,,aggregator_listing,https://www.whitegoodshelp.co.uk/candy-washing-machine-error-codes/
274,395,Candy,UK,washer,E02,2,cost_ascending,Service the inlet valve and sensor,"If filling still fails, have the inlet valve and pressure switch tested and replaced if defective, and the wiring inspected.",professional_only,,,,USD,,aggregator_listing,https://www.whitegoodshelp.co.uk/candy-washing-machine-error-codes/
275,396,Candy,UK,washer,E03,1,cost_ascending,Clear the drain path,"Unplug the machine, clean the drain pump filter behind the lower front panel, straighten the drain hose, and confirm the external drain is clear before retesting.",moderate,,,,USD,,aggregator_listing,https://www.whitegoodshelp.co.uk/candy-washing-machine-error-codes/
276,396,Candy,UK,washer,E03,2,cost_ascending,Service the drain pump,"If draining still fails, have the pump and impeller inspected, the pump tested electrically, the pressure-switch tubing checked, and defective parts replaced.",professional_only,,,,USD,,aggregator_listing,https://www.whitegoodshelp.co.uk/candy-washing-machine-error-codes/
277,401,Candy,UK,washer,E08,1,cost_ascending,Reset and lighten the load,"Disconnect power for five to fifteen minutes, reduce the load, and try a short spin cycle with the door fully latched.",easy,,,,USD,,aggregator_listing,https://www.whitegoodshelp.co.uk/candy-washing-machine-error-codes/
278,401,Candy,UK,washer,E08,2,cost_ascending,Service the motor and tachometer,"If the speed fault returns, have the tachometer output measured, worn carbon brushes replaced, and the motor windings and drive triac checked.",professional_only,,,,USD,,aggregator_listing,https://www.whitegoodshelp.co.uk/candy-washing-machine-error-codes/
279,409,Candy,UK,washer,E16,1,cost_ascending,Reset and retest,"Unplug for a few minutes, reconnect, close the door fully, and run a short test wash.",easy,,,,USD,,aggregator_listing,https://www.whitegoodshelp.co.uk/candy-washing-machine-error-codes/
280,409,Candy,UK,washer,E16,2,cost_ascending,Service the heating circuit,"Have the heater resistance measured and the NTC sensor tested, replacing whichever is open, shorted, or out of range, and inspect the connectors.",professional_only,,,,USD,,aggregator_listing,https://www.whitegoodshelp.co.uk/candy-washing-machine-error-codes/
157,181,Frigidaire,US,washer,E11,1,cost_ascending,Restore the incoming water flow,"Open both supply valves fully, straighten kinked inlet hoses, clean the inlet screens, verify household pressure, then power-cycle for one minute and retry.",easy,,,,USD,,aggregator_listing,https://applianceaid.com/frigidaire-frontload-washer-new-fault-codes.php
158,181,Frigidaire,US,washer,E11,2,cost_ascending,Replace the inlet valve,"If fills stay slow, replace the water inlet valve assembly and check the pressure switch and its hose.",advanced,,,,USD,,aggregator_listing,https://applianceaid.com/frigidaire-frontload-washer-new-fault-codes.php
159,184,Frigidaire,US,washer,E21,1,cost_ascending,Clear the drain hose and pump filter,"Unplug the washer, straighten and flush the drain hose, clean the pump filter behind the front panel, then run a short drain cycle.",moderate,,,,USD,,aggregator_listing,https://applianceaid.com/frigidaire-frontload-washer-new-fault-codes.php
160,184,Frigidaire,US,washer,E21,2,cost_ascending,Replace the drain pump,"Disconnect power and water, open the access panel, check the impeller for obstructions, and replace the pump if it is jammed or dead.",advanced,,158.22,158.22,USD,2026.0,aggregator_listing,https://applianceaid.com/frigidaire-frontload-washer-new-fault-codes.php
110,116,GE,US,dishwasher,C3,1,manufacturer_first,Reset the dishwasher,"Disconnect power for a minute or two to clear the fault code, then rerun the cycle; if it will still not drain, service is likely required.",easy,,,,USD,,manufacturer_listing,https://products.geappliances.com/appliance/gea-support-search-content?contentId=16673
111,116,GE,US,dishwasher,C3,2,cost_ascending,Replace the drain pump,"If the unit still will not drain after a reset and the sump is clear, disconnect power and water and replace the drain pump.",advanced,,86.69,86.69,USD,2026.0,manufacturer_listing,https://products.geappliances.com/appliance/gea-support-search-content?contentId=16673
112,123,GE,US,dishwasher,F56,1,manufacturer_first,Reset the dishwasher,"Disconnect power for a minute or two to clear the fault code, then rerun the cycle; if drainage still fails, service is likely required.",easy,,,,USD,,manufacturer_listing,https://products.geappliances.com/appliance/gea-support-search-content?contentId=16673
179,218,GE,US,oven_range,F0,1,manufacturer_first,Reset then replace the key panel,"Switch the breaker off for a minute or two; if the code returns, the key panel needs replacement by a technician.",professional_only,,,,USD,,manufacturer_listing,https://products.geappliances.com/appliance/gea-support-search-content?contentId=16238
180,219,GE,US,oven_range,F1,1,manufacturer_first,Reset then replace the key panel,"Switch the breaker off for a minute or two; if the code returns, the key panel needs replacement by a technician.",professional_only,,,,USD,,manufacturer_listing,https://products.geappliances.com/appliance/gea-support-search-content?contentId=16238
181,220,GE,US,oven_range,F2,1,manufacturer_first,Reset then request service,"Switch the breaker off for a minute or two; if the over-temperature code returns, request service.",professional_only,,,,USD,,manufacturer_listing,https://products.geappliances.com/appliance/gea-support-search-content?contentId=16238
182,221,GE,US,oven_range,F3,1,manufacturer_first,Reset then replace the oven sensor,"Switch the breaker off for a minute or two; if the code returns, the oven temperature sensor needs replacement.",professional_only,,,,USD,,manufacturer_listing,https://products.geappliances.com/appliance/gea-support-search-content?contentId=16238
183,222,GE,US,oven_range,F350,1,manufacturer_first,Clear the fan obstruction,Reset at the breaker and clear any obstruction at the upper cooling fan; replace the fan if the code returns.,moderate,,,,USD,,manufacturer_listing,https://products.geappliances.com/appliance/gea-support-search-content?contentId=16238
184,223,GE,US,oven_range,F4,1,manufacturer_first,Reset then replace the oven sensor,"Switch the breaker off for a minute or two; if the code returns, the oven temperature sensor needs replacement.",professional_only,,,,USD,,manufacturer_listing,https://products.geappliances.com/appliance/gea-support-search-content?contentId=16238
185,224,GE,US,oven_range,F5,1,manufacturer_first,Reset then replace the control,"Switch the breaker off for a minute or two; if the code returns, the electronic oven control needs replacement.",professional_only,,,,USD,,manufacturer_listing,https://products.geappliances.com/appliance/gea-support-search-content?contentId=16238
186,225,GE,US,oven_range,F6,1,manufacturer_first,Reset then replace the key panel,"Switch the breaker off for a minute or two; if the code returns, the key panel needs replacement by a technician.",professional_only,,,,USD,,manufacturer_listing,https://products.geappliances.com/appliance/gea-support-search-content?contentId=16238
187,226,GE,US,oven_range,F7,1,manufacturer_first,Reset then replace the key panel,"Switch the breaker off for a minute or two; if the code returns, the key panel needs replacement by a technician.",professional_only,,,,USD,,manufacturer_listing,https://products.geappliances.com/appliance/gea-support-search-content?contentId=16238
188,227,GE,US,oven_range,F8,1,manufacturer_first,Reset then replace the control,"Switch the breaker off for a minute or two; if the code returns, the electronic oven control needs replacement.",professional_only,,,,USD,,manufacturer_listing,https://products.geappliances.com/appliance/gea-support-search-content?contentId=16238
189,228,GE,US,oven_range,F9,1,manufacturer_first,Reset then request service,"Switch the breaker off for a minute or two; if the door-lock circuit code returns, request service.",professional_only,,,,USD,,manufacturer_listing,https://products.geappliances.com/appliance/gea-support-search-content?contentId=16238
193,232,GE,US,oven_range,F96,1,manufacturer_first,Reset then request service,"Switch the breaker off for a minute or two; if the code returns, an internal component needs professional replacement.",professional_only,,,,USD,,manufacturer_listing,https://products.geappliances.com/appliance/gea-support-search-content?contentId=16238
194,233,GE,US,oven_range,F97,1,manufacturer_first,Reset then request service,"Switch the breaker off for a minute or two; if the code returns, an internal component needs professional replacement.",professional_only,,,,USD,,manufacturer_listing,https://products.geappliances.com/appliance/gea-support-search-content?contentId=16238
190,229,GE,US,oven_range,FC,1,manufacturer_first,Reset then request service,"Switch the breaker off for a minute or two; if the door-lock circuit code returns, request service.",professional_only,,,,USD,,manufacturer_listing,https://products.geappliances.com/appliance/gea-support-search-content?contentId=16238
191,230,GE,US,oven_range,FD,1,manufacturer_first,Check the probe and receptacle,"Reseat or remove the meat probe; if the code returns, the probe or its receptacle needs replacement.",moderate,,,,USD,,manufacturer_listing,https://products.geappliances.com/appliance/gea-support-search-content?contentId=16238
192,231,GE,US,oven_range,FF,1,manufacturer_first,Reset then replace the control,"Switch the breaker off for a minute or two; if the code returns, the electronic oven control needs replacement.",professional_only,,,,USD,,manufacturer_listing,https://products.geappliances.com/appliance/gea-support-search-content?contentId=16238
281,417,Hoover,UK,washer,E01,1,cost_ascending,Check the door and reset,"Close the door firmly until it clicks, clear debris from the seal, and disconnect power for five to ten minutes before retrying.",easy,,,,USD,,aggregator_listing,https://www.whitegoodshelp.co.uk/hoover-washing-machine-error-codes/
282,417,Hoover,UK,washer,E01,2,cost_ascending,Replace the door lock,"If the error persists, have the interlock tested for continuity during the lock command and the door lock assembly replaced; check the control board if it continues.",professional_only,,,,USD,,aggregator_listing,https://www.whitegoodshelp.co.uk/hoover-washing-machine-error-codes/
283,418,Hoover,UK,washer,E02,1,cost_ascending,Restore the water supply,"Confirm the supply is on with sufficient pressure, straighten the fill hose, verify flow into a bucket, and clean the inlet filters.",easy,,,,USD,,aggregator_listing,https://www.whitegoodshelp.co.uk/hoover-washing-machine-error-codes/
284,418,Hoover,UK,washer,E02,2,cost_ascending,Replace the inlet valve,"If filling still fails, have the inlet valve coil resistance tested and the valve replaced if open-circuit or stuck; check the pressure switch and board inputs next.",professional_only,,,,USD,,aggregator_listing,https://www.whitegoodshelp.co.uk/hoover-washing-machine-error-codes/
285,419,Hoover,UK,washer,E03,1,cost_ascending,Clear the drain filter and hose,"Unplug the machine, remove debris from the drain filter behind the lower panel, and check the rear drain hose for kinks or blockages, flushing it if needed.",moderate,,,,USD,,aggregator_listing,https://www.whitegoodshelp.co.uk/hoover-washing-machine-error-codes/
286,419,Hoover,UK,washer,E03,2,cost_ascending,Service the drain pump,"If water still will not drain, have the impeller checked for free movement, the motor continuity measured, and the pump assembly replaced if faulty.",professional_only,,,,USD,,aggregator_listing,https://www.whitegoodshelp.co.uk/hoover-washing-machine-error-codes/
287,421,Hoover,UK,washer,E05,1,cost_ascending,Reset and lighten the load,"Unplug for a few minutes, reduce the load, and restart a wash cycle.",easy,,,,USD,,aggregator_listing,https://www.whitegoodshelp.co.uk/hoover-washing-machine-error-codes/
288,421,Hoover,UK,washer,E05,2,cost_ascending,Service the heating circuit,"Have the NTC sensor resistance measured against expected values and the heating element checked, replacing the faulty part.",professional_only,,,,USD,,aggregator_listing,https://www.whitegoodshelp.co.uk/hoover-washing-machine-error-codes/
244,320,Hotpoint,UK,washer,F01,1,cost_ascending,Reset the machine,"Unplug from the mains for two to five minutes, reconnect, wait half a minute, and try a cycle.",easy,,,,USD,,aggregator_listing,https://www.whitegoodshelp.co.uk/hotpoint-washing-machine-error-codes/
245,320,Hotpoint,UK,washer,F01,2,cost_ascending,Service the board and motor wiring,"Have the motor-to-board harness checked for burnt or loose pins, the motor windings tested, and the PCB (including the triac) replaced if diagnostics confirm failure.",professional_only,,,,USD,,aggregator_listing,https://www.whitegoodshelp.co.uk/hotpoint-washing-machine-error-codes/
246,323,Hotpoint,UK,washer,F05,1,cost_ascending,Clear the pump filter and drain hose,"Unplug the machine, clear the pump filter and drain hose, and check the pressure-switch tube for blockage - the switch stuck on full is the usual cause.",moderate,,,,USD,,aggregator_listing,https://www.whitegoodshelp.co.uk/hotpoint-washing-machine-error-codes/
247,323,Hotpoint,UK,washer,F05,2,cost_ascending,Replace the drain pump,"If the drain path and pressure tube are clear and F05 returns, disconnect power and water and replace the drain pump.",advanced,,19.49,32.49,GBP,2026.0,aggregator_listing,https://www.whitegoodshelp.co.uk/hotpoint-washing-machine-error-codes/
248,326,Hotpoint,UK,washer,F08,1,cost_ascending,Reset and recheck,"Unplug for a few minutes to clear transient faults, confirm hoses are connected and unkinked, then restart.",easy,,,,USD,,aggregator_listing,https://www.whitegoodshelp.co.uk/hotpoint-washing-machine-error-codes/
249,326,Hotpoint,UK,washer,F08,2,cost_ascending,Service the heating circuit,"Have the heating element continuity measured, the heater relay section of the PCB inspected, and the pressure-switch wiring checked; replace whichever component fails.",professional_only,,,,USD,,aggregator_listing,https://www.whitegoodshelp.co.uk/hotpoint-washing-machine-error-codes/
250,334,Hotpoint,UK,washer,F16,1,cost_ascending,Replace the door interlock,"After confirming nothing blocks the door and a reset does not clear the fault, disconnect power and replace the door interlock (the component this code attributes).",advanced,,14.49,28.1,GBP,2026.0,aggregator_listing,https://www.whitegoodshelp.co.uk/hotpoint-washing-machine-error-codes/
251,341,Indesit,UK,washer,F05,1,cost_ascending,Clear the pump filter and drain hose,"Unplug the machine, clear the pump filter and drain hose, and check the pressure-switch tube for blockage - the switch stuck on full is the usual cause.",moderate,,,,USD,,aggregator_listing,https://www.whitegoodshelp.co.uk/indesit-washing-machine-error-codes/
252,341,Indesit,UK,washer,F05,2,cost_ascending,Replace the drain pump,"If the drain path and pressure tube are clear and F05 returns, disconnect power and water and replace the drain pump.",advanced,,19.49,32.49,GBP,2026.0,aggregator_listing,https://www.whitegoodshelp.co.uk/indesit-washing-machine-error-codes/
253,344,Indesit,UK,washer,F08,1,cost_ascending,Reset and recheck,Unplug for two to five minutes and restart a short cycle.,easy,,,,USD,,aggregator_listing,https://www.whitegoodshelp.co.uk/indesit-washing-machine-error-codes/
254,344,Indesit,UK,washer,F08,2,cost_ascending,Service the heating circuit,"Have the heating element and NTC tested for continuity, the heater-relay section of the PCB inspected for burn marks, and the pressure-switch wiring checked.",professional_only,,,,USD,,aggregator_listing,https://www.whitegoodshelp.co.uk/indesit-washing-machine-error-codes/
255,351,Indesit,UK,washer,F16,1,cost_ascending,Replace the door interlock,"After confirming nothing blocks the door and a reset does not clear the fault, disconnect power and replace the door interlock (the component this code attributes).",advanced,,14.49,28.1,GBP,2026.0,aggregator_listing,https://www.whitegoodshelp.co.uk/indesit-washing-machine-error-codes/
54,48,LG,US,dishwasher,BE,1,manufacturer_first,Correct detergent and leveling,"Use only dishwasher detergent, verify the unit is level front-to-back and side-to-side, and clear existing suds before restarting.",easy,,,,USD,,manufacturer_listing,https://www.lg.com/us/support/help-library/lg-dishwasher-error-code-list--20150933422943
53,47,LG,US,dishwasher,E1,1,manufacturer_first,Dry out the flow switch,"Confirm the door seals fully and the unit is level, then unplug and let it dry completely so the flow switch resets.",moderate,,,,USD,,manufacturer_listing,https://www.lg.com/us/support/help-library/lg-dishwasher-error-code-list--20150933422943
56,50,LG,US,dishwasher,FE,1,manufacturer_first,Power-cycle at the breaker,"Turn the unit off, switch the breaker off for ten seconds and back on, then start a new cycle; if the fault returns, service is required.",moderate,,,,USD,,manufacturer_listing,https://www.lg.com/us/support/help-library/lg-dishwasher-error-code-list--20150933422943
57,51,LG,US,dishwasher,HE,1,manufacturer_first,Power-cycle at the breaker,"Turn the unit off, switch the breaker off for ten seconds and back on, then start a new cycle; if the fault returns, service is required.",moderate,,,,USD,,manufacturer_listing,https://www.lg.com/us/support/help-library/lg-dishwasher-error-code-list--20150933422943
50,45,LG,US,dishwasher,IE,1,manufacturer_first,Verify the water supply,"Confirm the water line is connected and the supply valve is open, check pressure is adequate, and remove any kinks in the line.",easy,,,,USD,,manufacturer_listing,https://www.lg.com/us/support/help-library/lg-dishwasher-error-code-list--20150933422943
55,49,LG,US,dishwasher,LE,1,manufacturer_first,Power-cycle at the breaker,"Turn the unit off, switch the breaker off for ten seconds and back on, then start a new cycle; if the fault returns, service is required.",moderate,,,,USD,,manufacturer_listing,https://www.lg.com/us/support/help-library/lg-dishwasher-error-code-list--20150933422943
58,52,LG,US,dishwasher,NE,1,manufacturer_first,Request professional service,This vario-motor fault has no user-serviceable remedy; contact a qualified service technician.,professional_only,,,,USD,,manufacturer_listing,https://www.lg.com/us/support/help-library/lg-dishwasher-error-code-list--20150933422943
51,46,LG,US,dishwasher,OE,1,manufacturer_first,Clear the drain,"Check the drain hose for kinks or blockage and clear it; if connected to a disposal, confirm the drain knockout plug was removed.",moderate,,,,USD,,manufacturer_listing,https://www.lg.com/us/support/help-library/lg-dishwasher-error-code-list--20150933422943
52,46,LG,US,dishwasher,OE,2,cost_ascending,Replace the drain pump motor,"If the hose and drain path are clear and the code returns, disconnect power and water and replace the drain pump motor assembly.",advanced,,40.72,103.95,USD,2026.0,manufacturer_listing,https://www.lg.com/us/support/help-library/lg-dishwasher-error-code-list--20150933422943
59,53,LG,US,dishwasher,PF,1,manufacturer_first,Confirm dedicated power,"Ensure the dishwasher is on a dedicated fifteen-amp circuit without an extension cord, then press any panel key to clear the display after an outage.",easy,,,,USD,,manufacturer_listing,https://www.lg.com/us/support/help-library/lg-dishwasher-error-code-list--20150933422943
60,54,LG,US,dishwasher,TE,1,manufacturer_first,Request professional service,This thermal fault has no user-serviceable remedy; contact a qualified service technician.,professional_only,,,,USD,,manufacturer_listing,https://www.lg.com/us/support/help-library/lg-dishwasher-error-code-list--20150933422943
19,16,LG,US,dryer,D80,1,manufacturer_first,Clear the exhaust duct,Check for lint buildup at the rear exhaust duct and inspect the full run for crushed or kinked sections; use a professional vent-cleaning service for blockages inside walls.,moderate,,,,USD,,manufacturer_listing,https://www.lg.com/us/support/help-library/lg-dryer-error-code-list--20152310891742
18,15,LG,US,dryer,D90,1,manufacturer_first,Clear the exhaust duct,Check for lint buildup at the rear exhaust duct and inspect the full run for crushed or kinked sections; use a professional vent-cleaning service for blockages inside walls.,moderate,,,,USD,,manufacturer_listing,https://www.lg.com/us/support/help-library/lg-dryer-error-code-list--20152310891742
22,19,LG,US,dryer,DE,1,manufacturer_first,Reseat the filter and door,"Push the lint filter all the way in, clear any clothing from the door, then unplug for five seconds and retry the cycle.",easy,,,,USD,,manufacturer_listing,https://www.lg.com/us/support/help-library/lg-dryer-error-code-list--20152310891742
31,27,LG,US,dryer,E05,1,manufacturer_first,Restore steam water supply,"Check the tap is not frozen or clogged and is fully open, verify flow through the inlet hose, and clean the inlet filter.",easy,,,,USD,,manufacturer_listing,https://www.lg.com/us/support/help-library/lg-dryer-error-code-list--20152310891742
23,20,LG,US,dryer,E13,1,manufacturer_first,Clear the drain hose,"Straighten and unclog the drain hose (use only a standard LG hose), then press Start/Pause; request service if the error repeats.",easy,,,,USD,,manufacturer_listing,https://www.lg.com/us/support/help-library/lg-dryer-error-code-list--20152310891742
32,28,LG,US,dryer,E21,1,manufacturer_first,Clear the drain path,"Straighten the drain hose, check for blockages, and clean residue from the drain pump filter.",easy,,,,USD,,manufacturer_listing,https://www.lg.com/us/support/help-library/lg-dryer-error-code-list--20152310891742
24,21,LG,US,dryer,F0,1,manufacturer_first,Reseat the lint filter,Remove the lint filter and reinsert it fully into the housing; request service if the code stays.,easy,,,,USD,,manufacturer_listing,https://www.lg.com/us/support/help-library/lg-dryer-error-code-list--20152310891742
30,26,LG,US,dryer,GAS,1,manufacturer_first,Restore the gas supply,"Confirm the gas valve is fully open and the line is unkinked; contact the installer for new installations, or request service if the valve is open and the error continues.",moderate,,,,USD,,manufacturer_listing,https://www.lg.com/us/support/help-library/lg-dryer-error-code-list--20152310891742
25,22,LG,US,dryer,HS,1,manufacturer_first,Clean the moisture sensors,Wipe the sensor bars below the lint filter with a damp cloth and let them dry fully before the next cycle.,easy,,,,USD,,manufacturer_listing,https://www.lg.com/us/support/help-library/lg-dryer-error-code-list--20152310891742
20,17,LG,US,dryer,NP,1,manufacturer_first,Verify the power connection,"Confirm the cord is secure in a grounded 240V outlet matching the rating plate, reset the breaker for ten seconds, and have an electrician verify the voltage if the code persists.",moderate,,,,USD,,manufacturer_listing,https://www.lg.com/us/support/help-library/lg-dryer-error-code-list--20152310891742
26,23,LG,US,dryer,PF,1,manufacturer_first,Reset after the outage,"Unplug or trip the breaker, hold Start/Pause for five seconds while unpowered, restore power, and retry.",easy,,,,USD,,manufacturer_listing,https://www.lg.com/us/support/help-library/lg-dryer-error-code-list--20152310891742
21,18,LG,US,dryer,PS,1,manufacturer_first,Correct the terminal wiring,"Check the power-cord installation at the terminal block for reversed white and red wires, reset the breaker, and confirm a 240V connection.",professional_only,,,,USD,,manufacturer_listing,https://www.lg.com/us/support/help-library/lg-dryer-error-code-list--20152310891742
27,24,LG,US,dryer,TE1,1,manufacturer_first,Reset the dryer,"Unplug or trip the breaker, hold Start/Pause for five seconds while unpowered, restore power, and retry; request service if it returns.",easy,,,,USD,,manufacturer_listing,https://www.lg.com/us/support/help-library/lg-dryer-error-code-list--20152310891742
28,24,LG,US,dryer,TE1,2,cost_ascending,Replace the thermistor,"If the temperature fault returns after the reset, disconnect power and replace the thermistor assembly on the blower housing.",advanced,,22.95,53.2,USD,2026.0,manufacturer_listing,https://www.lg.com/us/support/help-library/lg-dryer-error-code-list--20152310891742
29,25,LG,US,dryer,TE3,1,manufacturer_first,Reset the dryer,"Unplug or trip the breaker, hold Start/Pause for five seconds while unpowered, restore power, and retry; request service if it returns.",easy,,,,USD,,manufacturer_listing,https://www.lg.com/us/support/help-library/lg-dryer-error-code-list--20152310891742
163,202,LG,US,oven_range,5B,1,manufacturer_first,Exit Sabbath mode,"Press Bake, set a temperature with the plus/minus keys, press Start, then hold Clock for three seconds.",easy,,,,USD,,manufacturer_listing,https://www.lg.com/us/support/help-library/lg-range-error-codes-list--20150154166283
164,203,LG,US,oven_range,F1,1,manufacturer_first,Clear and reset,"Press Clear/Off and retry; if the thermistor code persists, cycle the breaker for thirty seconds and request service if it returns.",easy,,,,USD,,manufacturer_listing,https://www.lg.com/us/support/help-library/lg-range-error-codes-list--20150154166283
172,211,LG,US,oven_range,F10,1,manufacturer_first,Clear and reset the door lock,"Press Clear/Off and retry; if the locking system error persists, cycle the breaker and request service.",easy,,,,USD,,manufacturer_listing,https://www.lg.com/us/support/help-library/lg-range-error-codes-list--20150154166283
173,212,LG,US,oven_range,F16,1,manufacturer_first,Clear and reset,"Press Clear/Off and retry; if the sensor code persists, cycle the breaker and request service.",easy,,,,USD,,manufacturer_listing,https://www.lg.com/us/support/help-library/lg-range-error-codes-list--20150154166283
165,204,LG,US,oven_range,F2,1,manufacturer_first,Clear and reset,"Press Clear/Off and retry; if the thermistor code persists, cycle the breaker for thirty seconds and request service if it returns.",easy,,,,USD,,manufacturer_listing,https://www.lg.com/us/support/help-library/lg-range-error-codes-list--20150154166283
166,205,LG,US,oven_range,F3,1,manufacturer_first,Reset at the breaker,"Cycle the circuit breaker (off thirty seconds, then on); request service if the key error returns.",easy,,,,USD,,manufacturer_listing,https://www.lg.com/us/support/help-library/lg-range-error-codes-list--20150154166283
174,213,LG,US,oven_range,F33,1,manufacturer_first,Reset at the breaker,"Cycle the circuit breaker (off thirty seconds, then on); request service if the sensor error returns.",easy,,,,USD,,manufacturer_listing,https://www.lg.com/us/support/help-library/lg-range-error-codes-list--20150154166283
167,206,LG,US,oven_range,F4,1,manufacturer_first,Clear and reset,"Press Clear/Off and retry; if the thermistor code persists, cycle the breaker for thirty seconds and request service if it returns.",easy,,,,USD,,manufacturer_listing,https://www.lg.com/us/support/help-library/lg-range-error-codes-list--20150154166283
175,214,LG,US,oven_range,F42,1,manufacturer_first,Reset at the breaker,"Cycle the circuit breaker; if the voltage error returns, have the supply checked and request service.",moderate,,,,USD,,manufacturer_listing,https://www.lg.com/us/support/help-library/lg-range-error-codes-list--20150154166283
176,215,LG,US,oven_range,F51,1,manufacturer_first,Reset at the breaker,Cycle the circuit breaker; request service if the griddle sensor error returns.,easy,,,,USD,,manufacturer_listing,https://www.lg.com/us/support/help-library/lg-range-error-codes-list--20150154166283
177,216,LG,US,oven_range,F56,1,manufacturer_first,Reset at the breaker,Cycle the circuit breaker; request service if the griddle heating error returns.,easy,,,,USD,,manufacturer_listing,https://www.lg.com/us/support/help-library/lg-range-error-codes-list--20150154166283
168,207,LG,US,oven_range,F6,1,manufacturer_first,Clear and reset,"Press Clear/Off and retry; if the heating error persists, cycle the breaker and request service.",easy,,,,USD,,manufacturer_listing,https://www.lg.com/us/support/help-library/lg-range-error-codes-list--20150154166283
178,217,LG,US,oven_range,F69,1,manufacturer_first,Reset at the breaker,Cycle the circuit breaker; request service if the sous vide heating error returns.,easy,,,,USD,,manufacturer_listing,https://www.lg.com/us/support/help-library/lg-range-error-codes-list--20150154166283
169,208,LG,US,oven_range,F7,1,manufacturer_first,Clear and reset,"Press Clear/Off and retry; if the convection fan error persists, cycle the breaker and request service.",easy,,,,USD,,manufacturer_listing,https://www.lg.com/us/support/help-library/lg-range-error-codes-list--20150154166283
170,209,LG,US,oven_range,F8,1,manufacturer_first,Clear and reset the probe error,"Press Clear/Off and retry; reseat or remove the meat probe, cycle the breaker if it persists.",easy,,,,USD,,manufacturer_listing,https://www.lg.com/us/support/help-library/lg-range-error-codes-list--20150154166283
171,210,LG,US,oven_range,F9,1,manufacturer_first,Clear and reset,"Press Clear/Off and retry; if the oven still fails to heat, cycle the breaker and request service.",easy,,,,USD,,manufacturer_listing,https://www.lg.com/us/support/help-library/lg-range-error-codes-list--20150154166283
161,200,LG,US,oven_range,H5,1,manufacturer_first,Let the cooktop cool and reset,"Press Power on/off; if the code persists, switch the breaker off for thirty seconds and back on.",easy,,,,USD,,manufacturer_listing,https://www.lg.com/us/support/help-library/lg-range-error-codes-list--20150154166283
162,201,LG,US,oven_range,PF,1,manufacturer_first,Clear the power-failure code,"Press Clear/Off; if the code persists, cycle the circuit breaker (off thirty seconds, then on).",easy,,,,USD,,manufacturer_listing,https://www.lg.com/us/support/help-library/lg-range-error-codes-list--20150154166283
36,32,LG,US,refrigerator,22,1,manufacturer_first,Request professional service,LG publishes no user troubleshooting for the compressor relay fault; request repair service.,professional_only,,,,USD,,manufacturer_listing,https://www.lg.com/us/support/help-library/lg-refrigerator-error-code-list--1441392048805
37,33,LG,US,refrigerator,67,1,manufacturer_first,Request professional service,LG publishes no user troubleshooting for this door fault; clear obstructions and request repair service.,professional_only,,,,USD,,manufacturer_listing,https://www.lg.com/us/support/help-library/lg-refrigerator-error-code-list--1441392048805
35,31,LG,US,refrigerator,CF,1,manufacturer_first,Request professional service,LG publishes no user troubleshooting for this fan-feedback fault; request repair service.,professional_only,,,,USD,,manufacturer_listing,https://www.lg.com/us/support/help-library/lg-refrigerator-error-code-list--1441392048805
33,29,LG,US,refrigerator,CHE,1,manufacturer_first,Request professional service,LG publishes no user troubleshooting for this refrigerant fault; request repair service.,professional_only,,,,USD,,manufacturer_listing,https://www.lg.com/us/support/help-library/lg-refrigerator-error-code-list--1441392048805
34,30,LG,US,refrigerator,CLE,1,manufacturer_first,Request professional service,LG publishes no user troubleshooting for this refrigerant fault; request repair service.,professional_only,,,,USD,,manufacturer_listing,https://www.lg.com/us/support/help-library/lg-refrigerator-error-code-list--1441392048805
38,34,LG,US,refrigerator,CO,1,manufacturer_first,Request professional service,LG publishes no user troubleshooting for this board communication fault; request repair service.,professional_only,,,,USD,,manufacturer_listing,https://www.lg.com/us/support/help-library/lg-refrigerator-error-code-list--1441392048805
39,35,LG,US,refrigerator,DH,1,manufacturer_first,Reset and re-run defrost,"Unplug the unit for two minutes to reset, let the defrost cycle run again, and request service if the error returns.",easy,,,,USD,,manufacturer_listing,https://www.lg.com/us/support/help-library/lg-refrigerator-error-code-list--1441392048805
40,36,LG,US,refrigerator,DS,1,manufacturer_first,Request professional service,LG publishes no user troubleshooting for the defrost sensor fault; request repair service.,professional_only,,,,USD,,manufacturer_listing,https://www.lg.com/us/support/help-library/lg-refrigerator-error-code-list--1441392048805
41,37,LG,US,refrigerator,FF,1,manufacturer_first,Manually defrost the freezer,"Unplug, remove food, and leave the doors open for at least eight hours; dry the interior, restart, and allow 24-48 hours to stabilize. Keep vents clear and doors aligned.",moderate,,,,USD,,manufacturer_listing,https://www.lg.com/us/support/help-library/lg-refrigerator-error-code-list--1441392048805
42,37,LG,US,refrigerator,FF,2,cost_ascending,Replace the evaporator fan motor,"If the fan error returns after a full manual defrost, disconnect power and replace the evaporator fan motor.",advanced,,86.63,86.63,USD,2026.0,manufacturer_listing,https://www.lg.com/us/support/help-library/lg-refrigerator-error-code-list--1441392048805
43,38,LG,US,refrigerator,FS,1,manufacturer_first,Request professional service,LG publishes no user troubleshooting for the freezer sensor fault; request repair service.,professional_only,,,,USD,,manufacturer_listing,https://www.lg.com/us/support/help-library/lg-refrigerator-error-code-list--1441392048805
44,39,LG,US,refrigerator,GF,1,manufacturer_first,Check flow and pressure,"If the ice maker overfills the flow sensor may have failed; if household water pressure is low, raise it. Otherwise request service.",moderate,,,,USD,,manufacturer_listing,https://www.lg.com/us/support/help-library/lg-refrigerator-error-code-list--1441392048805
48,43,LG,US,refrigerator,HS,1,manufacturer_first,Request professional service,LG publishes no user troubleshooting for the humidity sensor fault; request repair service.,professional_only,,,,USD,,manufacturer_listing,https://www.lg.com/us/support/help-library/lg-refrigerator-error-code-list--1441392048805
49,44,LG,US,refrigerator,IF,1,manufacturer_first,Defrost and check the door,"Perform a manual defrost, inspect the door gasket for tears, and verify door alignment and leveling; request service if persistent.",moderate,,,,USD,,manufacturer_listing,https://www.lg.com/us/support/help-library/lg-refrigerator-error-code-list--1441392048805
45,40,LG,US,refrigerator,RF,1,manufacturer_first,Manually defrost,"Perform a full manual defrost (doors open eight or more hours), confirm vents are clear and doors close properly, then request service if the fan error returns.",moderate,,,,USD,,manufacturer_listing,https://www.lg.com/us/support/help-library/lg-refrigerator-error-code-list--1441392048805
46,41,LG,US,refrigerator,RS,1,manufacturer_first,Request professional service,LG publishes no user troubleshooting for the refrigerator sensor fault; request repair service.,professional_only,,,,USD,,manufacturer_listing,https://www.lg.com/us/support/help-library/lg-refrigerator-error-code-list--1441392048805
47,42,LG,US,refrigerator,RT,1,manufacturer_first,Request professional service,LG publishes no user troubleshooting for the room-temperature sensor fault; request repair service.,professional_only,,,,USD,,manufacturer_listing,https://www.lg.com/us/support/help-library/lg-refrigerator-error-code-list--1441392048805
9,6,LG,US,washer,CE,1,manufacturer_first,Power-cycle the washer,"Unplug for ten seconds, restore power, and attempt a cycle.",easy,,,,USD,,manufacturer_listing,https://www.lg.com/us/support/help-library/lg-washer-error-code-list--20150140270078
7,5,LG,US,washer,DE,1,manufacturer_first,Reset the door lock,"Unplug the washer, hold Start/Pause for five seconds while unpowered, restore power, close the door firmly, and restart.",moderate,,,,USD,,manufacturer_listing,https://www.lg.com/us/support/help-library/lg-washer-error-code-list--20150140270078
8,5,LG,US,washer,DE,2,cost_ascending,Replace the door lock assembly,"If the door still will not lock after the reset, disconnect power and replace the door lock and switch assembly.",advanced,,63.11,78.18,USD,2026.0,manufacturer_listing,https://www.lg.com/us/support/help-library/lg-washer-error-code-list--20150140270078
16,13,LG,US,washer,DL,1,manufacturer_first,Clear the door and reset,"Remove anything caught in the door, unplug for ten seconds, restore power, and retry the cycle.",easy,,,,USD,,manufacturer_listing,https://www.lg.com/us/support/help-library/lg-washer-error-code-list--20150140270078
15,12,LG,US,washer,E6,1,manufacturer_first,Remove the obstruction,"Empty the tub and check between the drum and pulsator for coins or foreign objects, removing any with pliers.",moderate,,,,USD,,manufacturer_listing,https://www.lg.com/us/support/help-library/lg-washer-error-code-list--20150140270078
11,8,LG,US,washer,FE,1,manufacturer_first,Drain the overfill,"Close both water taps, power on, select the no-spin option, press Start/Pause to drain, then restart.",moderate,,,,USD,,manufacturer_listing,https://www.lg.com/us/support/help-library/lg-washer-error-code-list--20150140270078
1,1,LG,US,washer,IE,1,manufacturer_first,Restore adequate water flow,"Open the water tap fully, straighten any kink in the fill hose, and clean the inlet screen filter if it is clogged; confirm household water pressure is adequate.",easy,,,,USD,,manufacturer_listing,https://www.lg.com/us/support/help-library/lg-washer-error-code-list--20150140270078
2,1,LG,US,washer,IE,2,cost_ascending,Replace the water inlet valve,"If supply, hoses, and filter check out and the fill error returns, disconnect power and water and replace the cold water inlet valve.",advanced,,28.99,139.65,USD,2026.0,manufacturer_listing,https://www.lg.com/us/support/help-library/lg-washer-error-code-list--20150140270078
6,4,LG,US,washer,LE,1,manufacturer_first,Let the motor cool,"Leave the washer off for about thirty minutes so the drive motor can cool, then restart the cycle.",easy,,,,USD,,manufacturer_listing,https://www.lg.com/us/support/help-library/lg-washer-error-code-list--20150140270078
3,2,LG,US,washer,OE,1,manufacturer_first,Clear the drain path,"Straighten the drain hose and clear any blockage, then remove and clean the drain filter.",easy,,,,USD,,manufacturer_listing,https://www.lg.com/us/support/help-library/lg-washer-error-code-list--20150140270078
4,2,LG,US,washer,OE,2,cost_ascending,Replace the drain pump,"If the hose and filter are clear and the code returns, disconnect power and water, open the access panel, and replace the drain pump and motor assembly.",moderate,,48.6,53.95,USD,2026.0,manufacturer_listing,https://www.lg.com/us/support/help-library/lg-washer-error-code-list--20150140270078
12,9,LG,US,washer,PE,1,manufacturer_first,Power-cycle the washer,"Unplug the washer for ten seconds, restore power, and restart the cycle.",easy,,,,USD,,manufacturer_listing,https://www.lg.com/us/support/help-library/lg-washer-error-code-list--20150140270078
13,10,LG,US,washer,PF,1,manufacturer_first,Reset after power loss,"Unplug or trip the breaker, hold Start/Pause for five seconds while unpowered, restore power, and run a cycle.",easy,,,,USD,,manufacturer_listing,https://www.lg.com/us/support/help-library/lg-washer-error-code-list--20150140270078
10,7,LG,US,washer,SUD,1,manufacturer_first,Reduce detergent,Use no more than the recommended amount of detergent and reduce it until the sudsing stops.,easy,,,,USD,,manufacturer_listing,https://www.lg.com/us/support/help-library/lg-washer-error-code-list--20150140270078
17,14,LG,US,washer,TCL,1,manufacturer_first,Run the tub-clean cycle,"Empty the tub, add washing-machine cleaner powder, select the Tub Clean cycle, and start it.",easy,,,,USD,,manufacturer_listing,https://www.lg.com/us/support/help-library/lg-washer-error-code-list--20150140270078
14,11,LG,US,washer,TE,1,manufacturer_first,Power-cycle and drain,"Unplug for ten seconds, restore power, select a no-spin drain, then restart the cycle.",easy,,,,USD,,manufacturer_listing,https://www.lg.com/us/support/help-library/lg-washer-error-code-list--20150140270078
5,3,LG,US,washer,UE,1,manufacturer_first,Rebalance the load,"Redistribute the laundry evenly around the drum, adding a few similar items for very small loads, then restart the cycle.",easy,,,,USD,,manufacturer_listing,https://www.lg.com/us/support/help-library/lg-washer-error-code-list--20150140270078
134,146,Maytag,US,washer,DET,1,manufacturer_first,Reseat the detergent cartridge,Insert the dispenser cartridge correctly and close the drawer fully.,easy,,,,USD,,manufacturer_listing,https://producthelp.maytag.com/Laundry/Washers/Product_Info/Washer_Product_Assistance/Error_Codes_in_Front_Load_Washers
144,155,Maytag,US,washer,DRN,1,manufacturer_first,Review the installation,Slow draining is often an installation issue; verify the drain setup and schedule service if it persists.,moderate,,,,USD,,manufacturer_listing,https://producthelp.maytag.com/Laundry/Washers/Product_Info/Washer_Product_Assistance/Error_Codes_in_Top_Load_HE_Washers
138,150,Maytag,US,washer,F5E2,1,manufacturer_first,Clear the door and reset,"Remove anything blocking the door so it closes fully, then press Pause/Cancel twice and Power once to clear.",easy,,,,USD,,manufacturer_listing,https://producthelp.maytag.com/Laundry/Washers/Product_Info/Washer_Product_Assistance/Error_Codes_in_Front_Load_Washers
139,150,Maytag,US,washer,F5E2,2,cost_ascending,Replace the door latch,"If nothing blocks the door and the lock error returns after clearing, disconnect power and replace the door latch assembly.",advanced,,38.87,104.36,USD,2026.0,manufacturer_listing,https://producthelp.maytag.com/Laundry/Washers/Product_Info/Washer_Product_Assistance/Error_Codes_in_Front_Load_Washers
140,151,Maytag,US,washer,F7E1,1,manufacturer_first,Check bolts and load,"Confirm all shipping bolts were removed and the drum is not overloaded, then clear the code with Pause/Cancel twice and Power once.",moderate,,,,USD,,manufacturer_listing,https://producthelp.maytag.com/Laundry/Washers/Product_Info/Washer_Product_Assistance/Error_Codes_in_Front_Load_Washers
141,152,Maytag,US,washer,F8E1,1,manufacturer_first,Open the water supply,"Turn the household supply on, open both faucets fully, straighten kinked inlet hoses, and remove any anti-flood devices.",easy,,,,USD,,manufacturer_listing,https://producthelp.maytag.com/Laundry/Washers/Product_Info/Washer_Product_Assistance/Error_Codes_in_Front_Load_Washers
142,153,Maytag,US,washer,F8E2,1,manufacturer_first,Clean the dispenser,Check the detergent drawer or cartridge for clogged detergent and clean it out.,easy,,,,USD,,manufacturer_listing,https://producthelp.maytag.com/Laundry/Washers/Product_Info/Washer_Product_Assistance/Error_Codes_in_Front_Load_Washers
143,154,Maytag,US,washer,F9E1,1,manufacturer_first,Clear the drain path,"Straighten or unclog the drain hose, fit the U-shaped form, verify standpipe height, and use HE detergent.",moderate,,,,USD,,manufacturer_listing,https://producthelp.maytag.com/Laundry/Washers/Product_Info/Washer_Product_Assistance/Error_Codes_in_Front_Load_Washers
145,156,Maytag,US,washer,HC,1,manufacturer_first,Swap the hoses,"Turn off the water supply, reverse the hot and cold inlet hoses, and run a cycle to confirm.",easy,,,,USD,,manufacturer_listing,https://producthelp.maytag.com/Laundry/Washers/Product_Info/Washer_Product_Assistance/Error_Codes_in_Top_Load_HE_Washers
135,147,Maytag,US,washer,INT,1,manufacturer_first,Clear the interrupted cycle,"Press Pause/Cancel twice and Power once; if the code stays, disconnect power for five minutes.",easy,,,,USD,,manufacturer_listing,https://producthelp.maytag.com/Laundry/Washers/Product_Info/Washer_Product_Assistance/Error_Codes_in_Front_Load_Washers
146,157,Maytag,US,washer,LDL,1,manufacturer_first,Clear the lid lock,Remove items from under the lid and clean detergent buildup around the lid-lock mechanism.,easy,,,,USD,,manufacturer_listing,https://producthelp.maytag.com/Laundry/Washers/Product_Info/Washer_Product_Assistance/Error_Codes_in_Top_Load_HE_Washers
147,158,Maytag,US,washer,LDU,1,manufacturer_first,Clear the washer top,Remove objects such as a laundry basket from the top of the washer so the lid can unlock.,easy,,,,USD,,manufacturer_listing,https://producthelp.maytag.com/Laundry/Washers/Product_Info/Washer_Product_Assistance/Error_Codes_in_Top_Load_HE_Washers
148,159,Maytag,US,washer,LID,1,manufacturer_first,Close the lid,"Close the lid to clear the display; if the tub drained, restart the cycle without adding more detergent.",easy,,,,USD,,manufacturer_listing,https://producthelp.maytag.com/Laundry/Washers/Product_Info/Washer_Product_Assistance/Error_Codes_in_Top_Load_HE_Washers
133,145,Maytag,US,washer,LOC,1,manufacturer_first,Release the control lock,Press the Control Lock button; on older models the owner's manual identifies which button toggles the lock.,easy,,,,USD,,manufacturer_listing,https://producthelp.maytag.com/Laundry/Washers/Product_Info/Washer_Product_Assistance/Error_Codes_in_Front_Load_Washers
149,160,Maytag,US,washer,OFB,1,manufacturer_first,Rebalance the load,"Redistribute items loosely and evenly around the washplate, close the lid, and press Start/Pause.",easy,,,,USD,,manufacturer_listing,https://producthelp.maytag.com/Laundry/Washers/Product_Info/Washer_Product_Assistance/Error_Codes_in_Top_Load_HE_Washers
150,161,Maytag,US,washer,OL,1,manufacturer_first,Lighten the load,"Remove several items, add HE detergent, close the lid, and press Start/Pause.",easy,,,,USD,,manufacturer_listing,https://producthelp.maytag.com/Laundry/Washers/Product_Info/Washer_Product_Assistance/Error_Codes_in_Top_Load_HE_Washers
151,162,Maytag,US,washer,PF,1,manufacturer_first,Restart after the outage,"Touch and hold Start to resume the cycle, or press Power to clear the display.",easy,,,,USD,,manufacturer_listing,https://producthelp.maytag.com/Laundry/Washers/Product_Info/Washer_Product_Assistance/Error_Codes_in_Top_Load_HE_Washers
136,148,Maytag,US,washer,RL,1,manufacturer_first,Empty the drum,Remove all items from the drum and restart the Clean Washer cycle.,easy,,,,USD,,manufacturer_listing,https://producthelp.maytag.com/Laundry/Washers/Product_Info/Washer_Product_Assistance/Error_Codes_in_Front_Load_Washers
137,149,Maytag,US,washer,SUD,1,manufacturer_first,Cut the suds,"Switch to HE detergent, avoid no-splash chlorine bleach, and confirm the drain hose is not kinked or clogged.",easy,,,,USD,,manufacturer_listing,https://producthelp.maytag.com/Laundry/Washers/Product_Info/Washer_Product_Assistance/Error_Codes_in_Front_Load_Washers
260,369,Miele,UK,washer,F10,1,cost_ascending,Restore the water intake,"Open the tap fully, confirm flow of at least five litres in fifteen seconds, straighten the inlet hose, and rinse the plastic inlet filter clean.",easy,,,,USD,,aggregator_listing,https://www.domex-uk.co.uk/help-advice/miele-washing-machine-fault-codes/
261,369,Miele,UK,washer,F10,2,cost_ascending,Replace the inlet valve,"If supply and filter check out, have the inlet valve solenoids tested and the valve assembly replaced if defective.",professional_only,,,,USD,,aggregator_listing,https://www.domex-uk.co.uk/help-advice/miele-washing-machine-fault-codes/
262,370,Miele,UK,washer,F11,1,cost_ascending,Clean the drain filter,"Unplug the machine, open the lower access panel with a tray ready for water, unscrew the drain filter, clear lint and debris, and refit it securely.",easy,,,,USD,,aggregator_listing,https://www.domex-uk.co.uk/help-advice/miele-washing-machine-fault-codes/
263,370,Miele,UK,washer,F11,2,cost_ascending,Clear the drain hose,"Remove kinks and loops from the drain hose, keep its end no higher than about one metre from the floor, and flush the hose through if blocked.",moderate,,,,USD,,aggregator_listing,https://www.domex-uk.co.uk/help-advice/miele-washing-machine-fault-codes/
264,370,Miele,UK,washer,F11,3,cost_ascending,Service the drain pump,"If drainage still fails, have the pump impeller checked for debris or damage, the pump tested electrically, and the assembly replaced if defective.",professional_only,,,,USD,,aggregator_listing,https://www.domex-uk.co.uk/help-advice/miele-washing-machine-fault-codes/
265,374,Miele,UK,washer,F20,1,cost_ascending,Reset and retry,"Disconnect from the mains for at least two minutes, reconnect, and rerun the programme.",easy,,,,USD,,aggregator_listing,https://www.domex-uk.co.uk/help-advice/miele-washing-machine-fault-codes/
266,374,Miele,UK,washer,F20,2,cost_ascending,Service the heating circuit,"If heating still fails, have the element, NTC sensors, and Thermostop control checked and any faulty component replaced.",professional_only,,,,USD,,aggregator_listing,https://www.domex-uk.co.uk/help-advice/miele-washing-machine-fault-codes/
267,376,Miele,UK,washer,F34,1,cost_ascending,Clear the door and reset,"Power off for two minutes, remove anything blocking the latch, close the door fully, and retry with a lighter load.",easy,,,,USD,,aggregator_listing,https://www.domex-uk.co.uk/help-advice/miele-washing-machine-fault-codes/
268,376,Miele,UK,washer,F34,2,cost_ascending,Service the door lock,"If the door still fails to lock, have the lock switch, latch, and wiring harness inspected and the door lock assembly replaced if damaged.",professional_only,,,,USD,,aggregator_listing,https://www.domex-uk.co.uk/help-advice/miele-washing-machine-fault-codes/
269,384,Miele,UK,washer,F53,1,cost_ascending,Reset the electronics,"Unplug for five to ten minutes to reset the controls, then run a short empty cycle.",easy,,,,USD,,aggregator_listing,https://www.domex-uk.co.uk/help-advice/miele-washing-machine-fault-codes/
270,384,Miele,UK,washer,F53,2,cost_ascending,Service the tachogenerator and brushes,"If the speed fault returns, have the tachogenerator readings checked against service specs, worn carbon brushes replaced in pairs, and the motor-to-board wiring verified.",professional_only,,,,USD,,aggregator_listing,https://www.domex-uk.co.uk/help-advice/miele-washing-machine-fault-codes/
101,101,Samsung,US,dishwasher,3C,1,manufacturer_first,Reset then service,"Turn the dishwasher off and start the cycle again; if the pump fault persists, contact support for service.",moderate,,,,USD,,manufacturer_listing,https://www.samsung.com/us/support/troubleshoot/TSG10004499/
102,103,Samsung,US,dishwasher,4C,1,manufacturer_first,Restore the water supply,Confirm the supply valve is open and the inlet hose is unkinked with adequate pressure and temperature.,easy,,,,USD,,manufacturer_listing,https://www.samsung.com/us/support/troubleshoot/TSG10004499/
103,104,Samsung,US,dishwasher,5C,1,manufacturer_first,Clear the drain,"Clear the filter and drain hose of any blockage, then restart the cycle.",easy,,,,USD,,manufacturer_listing,https://www.samsung.com/us/support/troubleshoot/TSG10004499/
104,104,Samsung,US,dishwasher,5C,2,cost_ascending,Replace the drain pump,"If the filter and hose are clear and the drain error returns, disconnect power and water and replace the drain pump assembly.",advanced,,217.95,217.95,USD,2026.0,manufacturer_listing,https://www.samsung.com/us/support/troubleshoot/TSG10004499/
105,106,Samsung,US,dishwasher,9E,1,manufacturer_first,Rerun and reset,"Empty the unit, add detergent, and run a normal cycle; if it continues, power off at the breaker and request service.",moderate,,,,USD,,manufacturer_listing,https://www.samsung.com/us/support/troubleshoot/TSG10004499/
106,107,Samsung,US,dishwasher,BE,1,manufacturer_first,Free the stuck button,"Turn the dishwasher off and press each panel button once; if a button stays stuck or the error returns, contact support.",easy,,,,USD,,manufacturer_listing,https://www.samsung.com/us/support/troubleshoot/TSG10004499/
107,109,Samsung,US,dishwasher,HC,1,manufacturer_first,Reset at the breaker,"Switch power off for thirty seconds at the breaker and back on, empty the unit, add detergent, and run a Normal cycle.",moderate,,,,USD,,manufacturer_listing,https://www.samsung.com/us/support/troubleshoot/TSG10004499/
108,110,Samsung,US,dishwasher,HE,1,manufacturer_first,Rerun and reset,"Empty the unit, add detergent and run a normal cycle; if it persists, power off at the breaker and contact support.",moderate,,,,USD,,manufacturer_listing,https://www.samsung.com/us/support/troubleshoot/TSG10004499/
109,111,Samsung,US,dishwasher,LC,1,manufacturer_first,Investigate the leak,The unit will keep draining until dry; check for a blocked Waterwall reflector on those models and inspect for leaks before restarting.,moderate,,,,USD,,manufacturer_listing,https://www.samsung.com/us/support/troubleshoot/TSG10004499/
84,83,Samsung,US,dryer,3C,1,manufacturer_first,Reset then service,"Power off for two to three minutes and restart; if the motor error returns, request service.",moderate,,,,USD,,manufacturer_listing,https://www.samsung.com/us/support/troubleshoot/TSG10001006/
72,72,Samsung,US,dryer,9C1,1,manufacturer_first,Fix the power supply,Run the dryer on its own circuit without an extension cord and confirm correct cord installation and voltage; contact support if it persists.,moderate,,,,USD,,manufacturer_listing,https://www.samsung.com/us/support/troubleshoot/TSG10001006/
78,77,Samsung,US,dryer,AC,1,manufacturer_first,Power-cycle the dryer,Shut the dryer off for sixty seconds and turn it back on; contact support if the communication error remains.,easy,,,,USD,,manufacturer_listing,https://www.samsung.com/us/support/troubleshoot/TSG10001006/
73,73,Samsung,US,dryer,BE,1,manufacturer_first,Free the stuck button,"Power off and individually touch and release every button on the panel, working across each button's edges.",easy,,,,USD,,manufacturer_listing,https://www.samsung.com/us/support/troubleshoot/TSG10001006/
81,80,Samsung,US,dryer,C80,1,manufacturer_first,Clean filter and vent,"Clean the lint filter and the exhaust vent, then rerun the cycle.",easy,,,,USD,,manufacturer_listing,https://www.samsung.com/us/support/troubleshoot/TSG10001006/
82,81,Samsung,US,dryer,C90,1,manufacturer_first,Clean filter and vent,Clean the lint filter and the exhaust vent thoroughly — the vent is more than ninety percent blocked — then rerun the cycle.,moderate,,,,USD,,manufacturer_listing,https://www.samsung.com/us/support/troubleshoot/TSG10001006/
80,79,Samsung,US,dryer,CLG,1,manufacturer_first,Clean filter and vent,"Clean the lint filter and the exhaust vent, then rerun the cycle.",easy,,,,USD,,manufacturer_listing,https://www.samsung.com/us/support/troubleshoot/TSG10001006/
83,82,Samsung,US,dryer,CT,1,manufacturer_first,Let the dryer acclimate,Wait about an hour with the dryer at room temperature before restarting.,easy,,,,USD,,manufacturer_listing,https://www.samsung.com/us/support/troubleshoot/TSG10001006/
74,74,Samsung,US,dryer,DC,1,manufacturer_first,Secure the door,"Check the latch is intact, remove anything caught in the door, and close it until it latches fully.",easy,,,,USD,,manufacturer_listing,https://www.samsung.com/us/support/troubleshoot/TSG10001006/
79,78,Samsung,US,dryer,FC,1,manufacturer_first,Restart the cycle,"Restart the cycle; if the frequency error remains, contact support.",easy,,,,USD,,manufacturer_listing,https://www.samsung.com/us/support/troubleshoot/TSG10001006/
76,76,Samsung,US,dryer,HC,1,manufacturer_first,Clean lint and check voltage,Clean the lint screen and vent system; on electric models have an electrician confirm the supply voltage if overheating persists.,easy,,,,USD,,manufacturer_listing,https://www.samsung.com/us/support/troubleshoot/TSG10001006/
77,76,Samsung,US,dryer,HC,2,cost_ascending,Replace the heating element,"If airflow is clear and overheating returns, disconnect power and replace the heating element.",advanced,,24.52,84.42,USD,2026.0,manufacturer_listing,https://www.samsung.com/us/support/troubleshoot/TSG10001006/
86,85,Samsung,US,dryer,HC2,1,manufacturer_first,Reset then service,"Power off for two to three minutes and restart; if the gas-ignition error returns, request service.",moderate,,,,USD,,manufacturer_listing,https://www.samsung.com/us/support/troubleshoot/TSG10001006/
85,84,Samsung,US,dryer,OD,1,manufacturer_first,Reset and retry,Power off for two to three minutes and restart the cycle; consult the manual and request service if it returns.,easy,,,,USD,,manufacturer_listing,https://www.samsung.com/us/support/troubleshoot/TSG10001006/
75,75,Samsung,US,dryer,TS,1,manufacturer_first,Clean the lint screen and vent,"Clean the lint screen, the vent system, or both — trapped heat is the most common cause; contact support if the error continues.",easy,,,,USD,,manufacturer_listing,https://www.samsung.com/us/support/troubleshoot/TSG10001006/
87,86,Samsung,US,refrigerator,21E,1,manufacturer_first,Defrost or request service,"Ensure the freezer is not overpacked and the door gaskets seal fully; defrost the unit if you wish, otherwise request service.",moderate,,,,USD,,manufacturer_listing,https://www.samsung.com/us/support/troubleshoot/TSG10007315/
88,87,Samsung,US,refrigerator,22E,1,manufacturer_first,Defrost the fridge fan,"Unplug the refrigerator and leave the doors open for a few hours, then plug it back in; request service if the error returns.",easy,,,,USD,,manufacturer_listing,https://www.samsung.com/us/support/troubleshoot/TSG10007315/
97,96,Samsung,US,refrigerator,33E,1,manufacturer_first,Request professional service,Samsung directs this ice-pipe heater fault to service; contact the Support Center.,professional_only,,,,USD,,manufacturer_listing,https://www.samsung.com/us/support/troubleshoot/TSG10007315/
98,97,Samsung,US,refrigerator,39E,1,manufacturer_first,Request professional service,Samsung directs this ice-maker function fault to service; contact the Support Center.,professional_only,,,,USD,,manufacturer_listing,https://www.samsung.com/us/support/troubleshoot/TSG10007315/
99,98,Samsung,US,refrigerator,40E,1,manufacturer_first,Request professional service,Samsung directs this ice-room fan fault to service; contact the Support Center.,professional_only,,,,USD,,manufacturer_listing,https://www.samsung.com/us/support/troubleshoot/TSG10007315/
95,94,Samsung,US,refrigerator,5E,1,manufacturer_first,Request professional service,Samsung directs this defrost-sensor fault to service; contact the Support Center.,professional_only,,,,USD,,manufacturer_listing,https://www.samsung.com/us/support/troubleshoot/TSG10007315/
89,88,Samsung,US,refrigerator,76C,1,manufacturer_first,Inspect the autofill pitcher,Follow the autofill leak guidance: remove and inspect the autofill compartment for water and dry it out.,easy,,,,USD,,manufacturer_listing,https://www.samsung.com/us/support/troubleshoot/TSG10007315/
91,90,Samsung,US,refrigerator,83E,1,manufacturer_first,Power-cycle at the breaker,"Unplug or switch off the breaker for sixty seconds, then restore power; request service if the code returns.",easy,,,,USD,,manufacturer_listing,https://www.samsung.com/us/support/troubleshoot/TSG10007315/
100,99,Samsung,US,refrigerator,84C,1,manufacturer_first,Request professional service,Samsung directs the compressor-lock fault to service; contact the Support Center.,professional_only,,,,USD,,manufacturer_listing,https://www.samsung.com/us/support/troubleshoot/TSG10007315/
90,89,Samsung,US,refrigerator,85C,1,manufacturer_first,Clear the voltage notice,Press OK for three seconds to clear; the code is harmless and typically follows a brief outage.,easy,,,,USD,,manufacturer_listing,https://www.samsung.com/us/support/troubleshoot/TSG10007315/
92,91,Samsung,US,refrigerator,85E,1,manufacturer_first,Power-cycle at the breaker,"Unplug or switch off the breaker for sixty seconds, then restore power; request service if the code returns.",easy,,,,USD,,manufacturer_listing,https://www.samsung.com/us/support/troubleshoot/TSG10007315/
93,92,Samsung,US,refrigerator,86E,1,manufacturer_first,Power-cycle at the breaker,"Unplug or switch off the breaker for sixty seconds, then restore power; request service if the code returns.",easy,,,,USD,,manufacturer_listing,https://www.samsung.com/us/support/troubleshoot/TSG10007315/
96,95,Samsung,US,refrigerator,8E,1,manufacturer_first,Request professional service,Samsung directs this ice-maker sensor fault to service; contact the Support Center.,professional_only,,,,USD,,manufacturer_listing,https://www.samsung.com/us/support/troubleshoot/TSG10007315/
94,93,Samsung,US,refrigerator,PCER,1,manufacturer_first,Reseat the door harness,"Unplug the unit, disconnect and reconnect the wire harness above the door, then restore power; request service if the error returns.",moderate,,,,USD,,manufacturer_listing,https://www.samsung.com/us/support/troubleshoot/TSG10007315/
227,303,Samsung,UK,washer,11E,1,manufacturer_first,Check hose and leaks,Verify the drain hose position and inspect for leaks.,easy,,,,USD,,manufacturer_listing,https://www.samsung.com/uk/support/home-appliances/what-do-the-codes-on-my-washing-machine-mean/
228,304,Samsung,UK,washer,12E,1,manufacturer_first,Clean the buttons,Clean the control buttons with a dampened cloth.,easy,,,,USD,,manufacturer_listing,https://www.samsung.com/uk/support/home-appliances/what-do-the-codes-on-my-washing-machine-mean/
229,305,Samsung,UK,washer,13E,1,manufacturer_first,Power-cycle and wait,"Wait briefly or power-cycle, then restart the programme.",easy,,,,USD,,manufacturer_listing,https://www.samsung.com/uk/support/home-appliances/what-do-the-codes-on-my-washing-machine-mean/
68,62,Samsung,US,washer,1C,1,manufacturer_first,Check for leaks and suds,Inspect hoses for kinks and leaks and run an empty cycle to confirm no excess suds are present.,easy,,,,USD,,manufacturer_listing,https://www.samsung.com/us/support/troubleshoot/TSG10000997/
218,294,Samsung,UK,washer,1C,1,manufacturer_first,Power-cycle the washer,"Switch off for one minute, then restart the programme.",easy,,,,USD,,manufacturer_listing,https://www.samsung.com/uk/support/home-appliances/what-do-the-codes-on-my-washing-machine-mean/
70,64,Samsung,US,washer,3C,1,manufacturer_first,Reset then service,"Power off for two to three minutes and restart; if the motor fault returns, request service.",moderate,,,,USD,,manufacturer_listing,https://www.samsung.com/us/support/troubleshoot/TSG10000997/
219,295,Samsung,UK,washer,3C,1,manufacturer_first,Power-cycle the washer,"Switch off for one minute, then restart the programme; request service if the motor fault returns.",easy,,,,USD,,manufacturer_listing,https://www.samsung.com/uk/support/home-appliances/what-do-the-codes-on-my-washing-machine-mean/
220,296,Samsung,UK,washer,3CP,1,manufacturer_first,Restart the cycle,Restart the cycle; request service if the control fault returns.,easy,,,,USD,,manufacturer_listing,https://www.samsung.com/uk/support/home-appliances/what-do-the-codes-on-my-washing-machine-mean/
63,57,Samsung,US,washer,4C,1,manufacturer_first,Restore the water supply,"Confirm the hoses are connected without kinks, open the supply valves fully, seat the drain hose correctly, and power-cycle for one minute.",easy,,,,USD,,manufacturer_listing,https://www.samsung.com/us/support/troubleshoot/TSG10000997/
221,297,Samsung,UK,washer,4C,1,manufacturer_first,Restore the water supply,"Open the tap fully, confirm supply pressure is within 0.5 to 8 bar, clean the mesh filter, and check the hose for kinks.",easy,,,,USD,,manufacturer_listing,https://www.samsung.com/uk/support/home-appliances/what-do-the-codes-on-my-washing-machine-mean/
222,298,Samsung,UK,washer,4C2,1,manufacturer_first,Connect to the cold supply,"Ensure the inlet hose is connected to the cold (blue) tap, not the hot supply.",easy,,,,USD,,manufacturer_listing,https://www.samsung.com/uk/support/home-appliances/what-do-the-codes-on-my-washing-machine-mean/
61,56,Samsung,US,washer,5C,1,manufacturer_first,Clear the drain path,"Check the drain hose and drain filter for clogs or kinks, clear them, then restart the cycle.",easy,,,,USD,,manufacturer_listing,https://www.samsung.com/us/support/troubleshoot/TSG10000997/
223,299,Samsung,UK,washer,5C,1,manufacturer_first,Clear the drain,"Empty via the emergency drain hose, clean the pump filter, and check the drain hose for blockages or kinks.",easy,,,,USD,,manufacturer_listing,https://www.samsung.com/uk/support/home-appliances/what-do-the-codes-on-my-washing-machine-mean/
62,56,Samsung,US,washer,5C,2,cost_ascending,Replace the drain pump,"If the drain path is clear and the code returns, disconnect power and water, open the lower access panel, and replace the drain pump (the component Samsung attributes to this code).",moderate,,38.0,189.95,USD,2026.0,manufacturer_listing,https://www.samsung.com/us/support/troubleshoot/TSG10000997/
224,300,Samsung,UK,washer,6E,1,manufacturer_first,Request professional service,Samsung directs water-heater faults to the Service Centre.,professional_only,,,,USD,,manufacturer_listing,https://www.samsung.com/uk/support/home-appliances/what-do-the-codes-on-my-washing-machine-mean/
225,301,Samsung,UK,washer,8C,1,manufacturer_first,Power-cycle the washer,Power off and restart the cycle.,easy,,,,USD,,manufacturer_listing,https://www.samsung.com/uk/support/home-appliances/what-do-the-codes-on-my-washing-machine-mean/
226,302,Samsung,UK,washer,9C1,1,manufacturer_first,Check the power supply,Verify the power supply and plug connection deliver stable voltage.,moderate,,,,USD,,manufacturer_listing,https://www.samsung.com/uk/support/home-appliances/what-do-the-codes-on-my-washing-machine-mean/
230,306,Samsung,UK,washer,CB,1,manufacturer_first,Let calibration finish,Verify the cold water supply and allow the calibration cycle to complete.,easy,,,,USD,,manufacturer_listing,https://www.samsung.com/uk/support/home-appliances/what-do-the-codes-on-my-washing-machine-mean/
66,61,Samsung,US,washer,DC,1,manufacturer_first,Secure the door,"Confirm the latch is intact, clear anything caught in the door, and close it firmly until it locks.",easy,,,,USD,,manufacturer_listing,https://www.samsung.com/us/support/troubleshoot/TSG10000997/
231,307,Samsung,UK,washer,DC,1,manufacturer_first,Secure the door,Ensure the door is fully closed with nothing trapped in it.,easy,,,,USD,,manufacturer_listing,https://www.samsung.com/uk/support/home-appliances/what-do-the-codes-on-my-washing-machine-mean/
67,61,Samsung,US,washer,DC,2,cost_ascending,Replace the door lock,"If the latch is intact and the door still reads open, disconnect power and replace the door lock switch assembly.",advanced,,26.92,49.01,USD,2026.0,manufacturer_listing,https://www.samsung.com/us/support/troubleshoot/TSG10000997/
233,309,Samsung,UK,washer,DDC,1,manufacturer_first,Close and resume,Close the AddWash door and press Start/Pause to resume.,easy,,,,USD,,manufacturer_listing,https://www.samsung.com/uk/support/home-appliances/what-do-the-codes-on-my-washing-machine-mean/
232,308,Samsung,UK,washer,DE2,1,manufacturer_first,Rest and retry,"Power off, wait five minutes, and try again.",easy,,,,USD,,manufacturer_listing,https://www.samsung.com/uk/support/home-appliances/what-do-the-codes-on-my-washing-machine-mean/
234,310,Samsung,UK,washer,E3,1,manufacturer_first,Reduce detergent and reset,"Use less detergent, then power-cycle and restart.",easy,,,,USD,,manufacturer_listing,https://www.samsung.com/uk/support/home-appliances/what-do-the-codes-on-my-washing-machine-mean/
235,311,Samsung,UK,washer,E4,1,manufacturer_first,Rebalance the load,"Redistribute the laundry, or add items to balance a small load.",easy,,,,USD,,manufacturer_listing,https://www.samsung.com/uk/support/home-appliances/what-do-the-codes-on-my-washing-machine-mean/
236,312,Samsung,UK,washer,EA,1,manufacturer_first,Power-cycle the washer,"Switch off for one minute, then restart the programme.",easy,,,,USD,,manufacturer_listing,https://www.samsung.com/uk/support/home-appliances/what-do-the-codes-on-my-washing-machine-mean/
237,313,Samsung,UK,washer,EC,1,manufacturer_first,Power-cycle the washer,"Switch off for one minute, then restart the programme.",easy,,,,USD,,manufacturer_listing,https://www.samsung.com/uk/support/home-appliances/what-do-the-codes-on-my-washing-machine-mean/
238,314,Samsung,UK,washer,FE,1,manufacturer_first,Request professional service,Samsung directs fan faults to the Service Centre.,professional_only,,,,USD,,manufacturer_listing,https://www.samsung.com/uk/support/home-appliances/what-do-the-codes-on-my-washing-machine-mean/
71,65,Samsung,US,washer,HC,1,manufacturer_first,Basic reset,"Power off for two to three minutes, power on, and restart the cycle; contact support if it persists.",easy,,,,USD,,manufacturer_listing,https://www.samsung.com/us/support/troubleshoot/TSG10000997/
239,315,Samsung,UK,washer,HE2,1,manufacturer_first,Request professional service,The dryer heater shut down for safety; contact the Service Centre.,professional_only,,,,USD,,manufacturer_listing,https://www.samsung.com/uk/support/home-appliances/what-do-the-codes-on-my-washing-machine-mean/
240,316,Samsung,UK,washer,HE3,1,manufacturer_first,Request professional service,Samsung directs steam-function faults to the Service Centre.,professional_only,,,,USD,,manufacturer_listing,https://www.samsung.com/uk/support/home-appliances/what-do-the-codes-on-my-washing-machine-mean/
241,317,Samsung,UK,washer,HOT,1,manufacturer_first,Let it cool,Not a fault: the fan runs until the appliance cools to about 55 degrees Celsius.,easy,,,,USD,,manufacturer_listing,https://www.samsung.com/uk/support/home-appliances/what-do-the-codes-on-my-washing-machine-mean/
64,59,Samsung,US,washer,OC,1,manufacturer_first,Address the overflow,Follow the drainage checks to remove excess water and inspect for a stuck water valve or level sensor.,moderate,,,,USD,,manufacturer_listing,https://www.samsung.com/us/support/troubleshoot/TSG10000997/
242,318,Samsung,UK,washer,PLO,1,manufacturer_first,Check socket and fuse,"Power-cycle, check the socket, and replace the plug fuse if needed.",moderate,,,,USD,,manufacturer_listing,https://www.samsung.com/uk/support/home-appliances/what-do-the-codes-on-my-washing-machine-mean/
69,63,Samsung,US,washer,SUD,1,manufacturer_first,Clear the suds,"Run an empty cycle with no additives until the suds clear, then reduce detergent going forward.",easy,,,,USD,,manufacturer_listing,https://www.samsung.com/us/support/troubleshoot/TSG10000997/
65,60,Samsung,US,washer,UB,1,manufacturer_first,Rebalance the load,"Untangle and redistribute the laundry evenly in the tub, close the door, and restart.",easy,,,,USD,,manufacturer_listing,https://www.samsung.com/us/support/troubleshoot/TSG10000997/
243,319,Samsung,UK,washer,UC,1,manufacturer_first,Stabilize the supply,Connect directly to a wall socket without extension cables and verify the supply.,easy,,,,USD,,manufacturer_listing,https://www.samsung.com/uk/support/home-appliances/what-do-the-codes-on-my-washing-machine-mean/
206,245,Whirlpool,US,dryer,AF,1,manufacturer_first,Clear the vent,"Check the lint screen and vent for blockages, and straighten any crushed or kinked duct sections.",easy,,,,USD,,aggregator_listing,https://www.appliancecodehub.com/whirlpool/dryer/
207,246,Whirlpool,US,dryer,F01,1,manufacturer_first,Request professional service,Whirlpool directs F-series control faults to service; the primary control board has failed.,professional_only,,,,USD,,aggregator_listing,https://www.appliancecodehub.com/whirlpool/dryer/
208,247,Whirlpool,US,dryer,F02,1,manufacturer_first,Request professional service,Whirlpool directs F-series control faults to service; the keypad or user interface has failed.,professional_only,,,,USD,,aggregator_listing,https://www.appliancecodehub.com/whirlpool/dryer/
209,248,Whirlpool,US,dryer,F06,1,manufacturer_first,Request professional service,Whirlpool directs F-series faults to service; have the door lock diagnosed.,professional_only,,,,USD,,aggregator_listing,https://www.appliancecodehub.com/whirlpool/dryer/
210,249,Whirlpool,US,dryer,F20,1,manufacturer_first,Request professional service,Whirlpool directs F-series faults to service; have the heating element diagnosed.,professional_only,,,,USD,,aggregator_listing,https://www.appliancecodehub.com/whirlpool/dryer/
211,250,Whirlpool,US,dryer,F24,1,manufacturer_first,Request professional service,Whirlpool directs F-series faults to service; have the control communication diagnosed.,professional_only,,,,USD,,aggregator_listing,https://www.appliancecodehub.com/whirlpool/dryer/
212,251,Whirlpool,US,dryer,F25,1,manufacturer_first,Request professional service,Whirlpool directs F-series faults to service; have the control communication diagnosed.,professional_only,,,,USD,,aggregator_listing,https://www.appliancecodehub.com/whirlpool/dryer/
213,252,Whirlpool,US,dryer,F26,1,manufacturer_first,Request professional service,Whirlpool directs F-series faults to service; have the motor drive diagnosed.,professional_only,,,,USD,,aggregator_listing,https://www.appliancecodehub.com/whirlpool/dryer/
214,253,Whirlpool,US,dryer,F29,1,manufacturer_first,Request professional service,Whirlpool directs F-series faults to service; have the moisture sensor diagnosed.,professional_only,,,,USD,,aggregator_listing,https://www.appliancecodehub.com/whirlpool/dryer/
215,254,Whirlpool,US,dryer,F30,1,manufacturer_first,Clear the vent,"Check the lint screen and vent for blockages, and straighten any crushed or kinked duct sections.",easy,,,,USD,,aggregator_listing,https://www.appliancecodehub.com/whirlpool/dryer/
216,255,Whirlpool,US,dryer,F31,1,manufacturer_first,Check the power supply,Verify the home power supply and breaker deliver correct voltage to the dryer; low line voltage keeps the heater from turning on.,moderate,,,,USD,,aggregator_listing,https://www.appliancecodehub.com/whirlpool/dryer/
217,256,Whirlpool,US,dryer,PF,1,manufacturer_first,Restart after the outage,"Restart the drying cycle, or press Power to clear the display.",easy,,,,USD,,aggregator_listing,https://www.appliancecodehub.com/whirlpool/dryer/
205,244,Whirlpool,US,oven_range,CAL,1,manufacturer_first,Exit calibration mode,Follow the owner's manual calibration procedure to exit the mode.,easy,,,,USD,,manufacturer_listing,https://producthelp.whirlpool.com/Cooking/Wall_Ovens_and_Ranges/Product_Info/Oven_Product_Assistance/Error_Codes_for_Cooking_Appliances
195,234,Whirlpool,US,oven_range,F0E0,1,manufacturer_first,Power-cycle the range,"Switch the breaker off for one minute, restore power, and monitor for one minute; request service if the code returns.",easy,,,,USD,,manufacturer_listing,https://producthelp.whirlpool.com/Cooking/Wall_Ovens_and_Ranges/Ranges/Error_Codes
196,235,Whirlpool,US,oven_range,F1,1,manufacturer_first,Power-cycle then service,"Switch the breaker off for one minute and restore power; if the sensor code returns, service the sensor, control, or wiring.",moderate,,,,USD,,manufacturer_listing,https://producthelp.whirlpool.com/Cooking/Wall_Ovens_and_Ranges/Ranges/Error_Codes
197,236,Whirlpool,US,oven_range,F2E1,1,manufacturer_first,Power-cycle then service,"Switch the breaker off for one minute and restore power; if the keypad code returns, service the interface, control, or wiring.",moderate,,,,USD,,manufacturer_listing,https://producthelp.whirlpool.com/Cooking/Wall_Ovens_and_Ranges/Ranges/Error_Codes
198,237,Whirlpool,US,oven_range,F3E0,1,manufacturer_first,Power-cycle then service,"Switch the breaker off for one minute and restore power; if the sensor code returns, service the sensor, control, or wiring.",moderate,,,,USD,,manufacturer_listing,https://producthelp.whirlpool.com/Cooking/Wall_Ovens_and_Ranges/Ranges/Error_Codes
199,238,Whirlpool,US,oven_range,F3E2,1,manufacturer_first,Power-cycle then service,"Switch the breaker off for one minute and restore power; if the code returns, service the oven or warming-drawer sensor wiring.",moderate,,,,USD,,manufacturer_listing,https://producthelp.whirlpool.com/Cooking/Wall_Ovens_and_Ranges/Ranges/Error_Codes
200,239,Whirlpool,US,oven_range,F8E0,1,manufacturer_first,Clear the cooling airflow,"Check for airflow restrictions around the cooling fan, then power-cycle at the breaker; service the fan or wiring if the code returns.",moderate,,,,USD,,manufacturer_listing,https://producthelp.whirlpool.com/Cooking/Wall_Ovens_and_Ranges/Ranges/Error_Codes
201,240,Whirlpool,US,oven_range,F9E0,1,manufacturer_first,Have the wiring verified,Have a qualified electrician verify the wiring and supply voltage; avoid pressing keys during the ten-second power-up delay after outages.,professional_only,,,,USD,,manufacturer_listing,https://producthelp.whirlpool.com/Cooking/Wall_Ovens_and_Ranges/Product_Info/Oven_Product_Assistance/Error_Codes_for_Cooking_Appliances
203,242,Whirlpool,US,oven_range,LOC,1,manufacturer_first,Disable the control lock,Follow the owner's manual procedure to turn off the control lock feature.,easy,,,,USD,,manufacturer_listing,https://producthelp.whirlpool.com/Cooking/Wall_Ovens_and_Ranges/Product_Info/Oven_Product_Assistance/Error_Codes_for_Cooking_Appliances
202,241,Whirlpool,US,oven_range,PF,1,manufacturer_first,Clear the power-failure code,Press Cancel and reset the time-of-day clock if needed.,easy,,,,USD,,manufacturer_listing,https://producthelp.whirlpool.com/Cooking/Wall_Ovens_and_Ranges/Product_Info/Oven_Product_Assistance/Error_Codes_for_Cooking_Appliances
204,243,Whirlpool,US,oven_range,SAB,1,manufacturer_first,Exit Sabbath mode,Follow the owner's manual procedure for entering and exiting Sabbath mode.,easy,,,,USD,,manufacturer_listing,https://producthelp.whirlpool.com/Cooking/Wall_Ovens_and_Ranges/Product_Info/Oven_Product_Assistance/Error_Codes_for_Cooking_Appliances
114,128,Whirlpool,US,washer,DET,1,manufacturer_first,Reseat the detergent cartridge,Insert the dispenser cartridge correctly and close the drawer fully; ignore the message when using single-dose packs.,easy,,,,USD,,manufacturer_listing,https://producthelp.whirlpool.com/Laundry/Washers/Product_Info/Washer_Product_Assistance/Error_Codes_in_Front_Load_Washers
125,137,Whirlpool,US,washer,DRN,1,manufacturer_first,Review the installation,Slow draining is often an installation issue; verify the drain setup and schedule service if it persists.,moderate,,,,USD,,manufacturer_listing,https://producthelp.whirlpool.com/Laundry/Washers/Product_Info/Washer_Product_Assistance/Error_Codes_in_Top_Load_HE_Washers
118,132,Whirlpool,US,washer,F5E2,1,manufacturer_first,Clear the door and reset,"Remove anything blocking the door so it closes fully, then press Pause/Cancel twice and Power once to clear.",easy,,,,USD,,manufacturer_listing,https://producthelp.whirlpool.com/Laundry/Washers/Product_Info/Washer_Product_Assistance/Error_Codes_in_Front_Load_Washers
119,132,Whirlpool,US,washer,F5E2,2,cost_ascending,Replace the door latch,"If nothing blocks the door and the lock error returns after clearing, disconnect power and replace the door latch assembly.",advanced,,38.87,104.36,USD,2026.0,manufacturer_listing,https://producthelp.whirlpool.com/Laundry/Washers/Product_Info/Washer_Product_Assistance/Error_Codes_in_Front_Load_Washers
120,133,Whirlpool,US,washer,F7E1,1,manufacturer_first,Check bolts and load,"Confirm all shipping bolts were removed and the drum is not overloaded, then press Pause/Cancel twice and Power once.",moderate,,,,USD,,manufacturer_listing,https://producthelp.whirlpool.com/Laundry/Washers/Product_Info/Washer_Product_Assistance/Error_Codes_in_Front_Load_Washers
121,134,Whirlpool,US,washer,F8E1,1,manufacturer_first,Open the water supply,"Turn the household supply on, open both faucets fully, straighten kinked inlet hoses, and remove any anti-flood devices.",easy,,,,USD,,manufacturer_listing,https://producthelp.whirlpool.com/Laundry/Washers/Product_Info/Washer_Product_Assistance/Error_Codes_in_Front_Load_Washers
122,135,Whirlpool,US,washer,F8E2,1,manufacturer_first,Clean the dispenser,Check the detergent drawer or cartridge for clogged detergent and clean it out.,easy,,,,USD,,manufacturer_listing,https://producthelp.whirlpool.com/Laundry/Washers/Product_Info/Washer_Product_Assistance/Error_Codes_in_Front_Load_Washers
123,136,Whirlpool,US,washer,F9E1,1,manufacturer_first,Clear the drain path,"Straighten or unclog the drain hose, fit the U-shaped form, keep the standpipe between 39 and 96 inches, and use HE detergent.",moderate,,,,USD,,manufacturer_listing,https://producthelp.whirlpool.com/Laundry/Washers/Product_Info/Washer_Product_Assistance/Error_Codes_in_Front_Load_Washers
124,136,Whirlpool,US,washer,F9E1,2,cost_ascending,Replace the drain pump,"If the drain path is clear and draining still exceeds eight minutes, disconnect power and water, open the access panel, and replace the drain pump.",advanced,,80.83,122.93,USD,2026.0,manufacturer_listing,https://producthelp.whirlpool.com/Laundry/Washers/Product_Info/Washer_Product_Assistance/Error_Codes_in_Front_Load_Washers
126,138,Whirlpool,US,washer,HC,1,manufacturer_first,Swap the hoses,"Turn off the water supply, reverse the hot and cold inlet hoses, and run a cycle to confirm.",easy,,,,USD,,manufacturer_listing,https://producthelp.whirlpool.com/Laundry/Washers/Product_Info/Washer_Product_Assistance/Error_Codes_in_Top_Load_HE_Washers
115,129,Whirlpool,US,washer,INT,1,manufacturer_first,Clear the interrupted cycle,"Press Pause/Cancel twice and Power once; if the code stays, disconnect power for five minutes.",easy,,,,USD,,manufacturer_listing,https://producthelp.whirlpool.com/Laundry/Washers/Product_Info/Washer_Product_Assistance/Error_Codes_in_Front_Load_Washers
127,139,Whirlpool,US,washer,LDL,1,manufacturer_first,Clear the lid lock,Remove items from under the lid and clean detergent buildup around the lid-lock mechanism.,easy,,,,USD,,manufacturer_listing,https://producthelp.whirlpool.com/Laundry/Washers/Product_Info/Washer_Product_Assistance/Error_Codes_in_Top_Load_HE_Washers
128,140,Whirlpool,US,washer,LDU,1,manufacturer_first,Clear the washer top,Remove objects such as a laundry basket from the top of the washer so the lid can unlock.,easy,,,,USD,,manufacturer_listing,https://producthelp.whirlpool.com/Laundry/Washers/Product_Info/Washer_Product_Assistance/Error_Codes_in_Top_Load_HE_Washers
129,141,Whirlpool,US,washer,LID,1,manufacturer_first,Close the lid,"Close the lid to clear the display; if the tub drained after ten minutes, restart without adding more detergent.",easy,,,,USD,,manufacturer_listing,https://producthelp.whirlpool.com/Laundry/Washers/Product_Info/Washer_Product_Assistance/Error_Codes_in_Top_Load_HE_Washers
113,127,Whirlpool,US,washer,LOC,1,manufacturer_first,Release the control lock,Press (or press and hold) the Control Lock button; on older models the owner's manual identifies which button toggles the lock.,easy,,,,USD,,manufacturer_listing,https://producthelp.whirlpool.com/Laundry/Washers/Product_Info/Washer_Product_Assistance/Error_Codes_in_Front_Load_Washers
130,142,Whirlpool,US,washer,OFB,1,manufacturer_first,Rebalance the load,"Redistribute items loosely and evenly around the washplate, close the lid, and press Start/Pause; use the Bulky cycle for oversized items.",easy,,,,USD,,manufacturer_listing,https://producthelp.whirlpool.com/Laundry/Washers/Product_Info/Washer_Product_Assistance/Error_Codes_in_Top_Load_HE_Washers
131,143,Whirlpool,US,washer,OL,1,manufacturer_first,Lighten the load,"Remove several items, add HE detergent, close the lid, and press Start/Pause.",easy,,,,USD,,manufacturer_listing,https://producthelp.whirlpool.com/Laundry/Washers/Product_Info/Washer_Product_Assistance/Error_Codes_in_Top_Load_HE_Washers
132,144,Whirlpool,US,washer,PF,1,manufacturer_first,Restart after the outage,"Touch and hold Start to resume the cycle, or press Power to clear the display.",easy,,,,USD,,manufacturer_listing,https://producthelp.whirlpool.com/Laundry/Washers/Product_Info/Washer_Product_Assistance/Error_Codes_in_Top_Load_HE_Washers
116,130,Whirlpool,US,washer,RL,1,manufacturer_first,Empty the drum,Remove all items from the drum and restart the Clean Washer cycle.,easy,,,,USD,,manufacturer_listing,https://producthelp.whirlpool.com/Laundry/Washers/Product_Info/Washer_Product_Assistance/Error_Codes_in_Front_Load_Washers
117,131,Whirlpool,US,washer,SUD,1,manufacturer_first,Cut the suds,"Switch to HE detergent, avoid no-splash chlorine bleach, and confirm the drain hose is not kinked or clogged.",easy,,,,USD,,manufacturer_listing,https://producthelp.whirlpool.com/Laundry/Washers/Product_Info/Washer_Product_Assistance/Error_Codes_in_Front_Load_Washers
